segment_id,road_name,highway_type,lon_from,lat_from,lon_to,lat_to,lon_center,lat_center,length_m,bearing_deg,lanes,maxspeed_kmh,oneway,has_signal_from,has_signal_to,is_way_entry,is_way_exit,road_importance
0,Ahmadu Bello Way,trunk,3.4040321,6.440111,3.4047197,6.4396866,3.4043759,6.4398988,89.44,121.8,2,50,yes,0,0,1,0,1
1,Ahmadu Bello Way,trunk,3.4047197,6.4396866,3.4052293,6.4393334,3.4049745,6.43951,68.65,124.9,2,50,yes,0,0,0,0,1
2,Ahmadu Bello Way,trunk,3.4052293,6.4393334,3.4058898,6.4388759,3.40555955,6.43910465,88.96,124.9,2,50,yes,0,0,0,0,1
3,Ahmadu Bello Way,trunk,3.4058898,6.4388759,3.4069392,6.4381727,3.4064145000000003,6.4385243,139.85,124.0,2,50,yes,0,0,0,1,1
4,Adeola Odeku Street,secondary,3.4239777,6.4292452,3.423878,6.4292447,3.42392785,6.42924495,11.02,269.7,2,50,yes,1,1,1,0,3
5,Adeola Odeku Street,secondary,3.423878,6.4292447,3.4232068,6.4292439,3.4235424,6.429244300000001,74.16,269.9,2,50,yes,1,0,0,0,3
6,Adeola Odeku Street,secondary,3.4232068,6.4292439,3.4229081,6.4292462,3.42305745,6.4292450500000005,33.01,270.4,2,50,yes,0,0,0,0,3
7,Adeola Odeku Street,secondary,3.4229081,6.4292462,3.4226602,6.429264,3.42278415,6.4292551,27.46,274.1,2,50,yes,0,0,0,0,3
8,Adeola Odeku Street,secondary,3.4226602,6.429264,3.4226536,6.4292645,3.4226569,6.42926425,0.73,274.4,2,50,yes,0,0,0,0,3
9,Adeola Odeku Street,secondary,3.4226536,6.4292645,3.4223425,6.4292965,3.42249805,6.429280500000001,34.56,275.9,2,50,yes,0,0,0,0,3
10,Adeola Odeku Street,secondary,3.4223425,6.4292965,3.4221882,6.4293218,3.42226535,6.42930915,17.28,279.4,2,50,yes,0,0,0,0,3
11,Adeola Odeku Street,secondary,3.4221882,6.4293218,3.4220146,6.4293505,3.4221014,6.42933615,19.45,279.4,2,50,yes,0,0,0,0,3
12,Adeola Odeku Street,secondary,3.4220146,6.4293505,3.4213475,6.429505,3.42168105,6.42942775,75.69,283.1,2,50,yes,0,0,0,0,3
13,Adeola Odeku Street,secondary,3.4213475,6.429505,3.4207818,6.4296641,3.42106465,6.42958455,64.96,285.8,2,50,yes,0,0,0,0,3
14,Adeola Odeku Street,secondary,3.4207818,6.4296641,3.4202946,6.4297996,3.4205382,6.42973185,55.9,285.6,2,50,yes,0,0,0,0,3
15,Adeola Odeku Street,secondary,3.4202946,6.4297996,3.4192251,6.4300875,3.41975985,6.42994355,122.43,285.2,2,50,yes,0,0,0,0,3
16,Adeola Odeku Street,secondary,3.4192251,6.4300875,3.4186926,6.4302193,3.41895885,6.4301534,60.64,284.0,2,50,yes,0,0,0,0,3
17,Adeola Odeku Street,secondary,3.4186926,6.4302193,3.4179242,6.4304253,3.4183084,6.4303223,87.94,285.1,2,50,yes,0,0,0,0,3
18,Adeola Odeku Street,secondary,3.4179242,6.4304253,3.417611,6.4304999,3.4177676,6.4304626,35.59,283.5,2,50,yes,0,0,0,0,3
19,Adeola Odeku Street,secondary,3.417611,6.4304999,3.4173837,6.4305459,3.41749735,6.4305229,25.63,281.5,2,50,yes,0,0,0,0,3
20,Adeola Odeku Street,secondary,3.4173837,6.4305459,3.417155,6.4305824,3.41726935,6.43056415,25.59,279.1,2,50,yes,0,0,0,0,3
21,Adeola Odeku Street,secondary,3.417155,6.4305824,3.4171028,6.4305906,3.4171289,6.4305865,5.84,279.0,2,50,yes,0,0,0,0,3
22,Adeola Odeku Street,secondary,3.4171028,6.4305906,3.4166764,6.4306481,3.4168896,6.430619350000001,47.55,277.7,2,50,yes,0,0,0,0,3
23,Adeola Odeku Street,secondary,3.4166764,6.4306481,3.4164825,6.4306639,3.41657945,6.430656,21.5,274.7,2,50,yes,0,0,0,0,3
24,Adeola Odeku Street,secondary,3.4164825,6.4306639,3.4161489,6.430682,3.4163157,6.43067295,36.92,273.1,2,50,yes,0,0,0,0,3
25,Adeola Odeku Street,secondary,3.4161489,6.430682,3.4158276,6.4306901,3.41598825,6.43068605,35.51,271.5,2,50,yes,0,0,0,0,3
26,Adeola Odeku Street,secondary,3.4158276,6.4306901,3.4151957,6.4306911,3.41551165,6.4306906,69.82,270.1,2,50,yes,0,0,0,0,3
27,Adeola Odeku Street,secondary,3.4151957,6.4306911,3.4141704,6.4306905,3.41468305,6.4306908,113.29,270.0,2,50,yes,0,0,0,0,3
28,Adeola Odeku Street,secondary,3.4141704,6.4306905,3.4137855,6.4306911,3.41397795,6.4306908,42.53,270.1,2,50,yes,0,0,0,0,3
29,Adeola Odeku Street,secondary,3.4137855,6.4306911,3.4133088,6.4306918,3.41354715,6.430691449999999,52.67,270.1,2,50,yes,0,0,0,0,3
30,Adeola Odeku Street,secondary,3.4133088,6.4306918,3.412767,6.4306652,3.4130379,6.4306785,59.94,267.2,2,50,yes,0,0,0,0,3
31,Adeola Odeku Street,secondary,3.412767,6.4306652,3.4125423,6.4306312,3.4126546500000003,6.4306482,25.11,261.3,2,50,yes,0,0,0,0,3
32,Adeola Odeku Street,secondary,3.4125423,6.4306312,3.412309,6.4305912,3.4124256500000003,6.4306112,26.16,260.2,2,50,yes,0,0,0,0,3
33,Adeola Odeku Street,secondary,3.412309,6.4305912,3.4121574,6.4305545,3.4122332,6.430572850000001,17.24,256.3,2,50,yes,0,0,0,0,3
34,Adeola Odeku Street,secondary,3.4121574,6.4305545,3.4120099,6.4305106,3.41208365,6.430532550000001,17.01,253.3,2,50,yes,0,0,0,0,3
35,Adeola Odeku Street,secondary,3.4120099,6.4305106,3.4115727,6.4303526,3.4117913,6.4304316,51.4,250.0,2,50,yes,0,0,0,0,3
36,Adeola Odeku Street,secondary,3.4115727,6.4303526,3.4112488,6.4302332,3.41141075,6.4302929,38.17,249.6,2,50,yes,0,0,0,0,3
37,Adeola Odeku Street,secondary,3.4112488,6.4302332,3.4109967,6.4301521,3.41112275,6.43019265,29.28,252.1,2,50,yes,0,0,0,0,3
38,Adeola Odeku Street,secondary,3.4109967,6.4301521,3.4107575,6.4300919,3.4108771,6.430122,27.27,255.8,2,50,yes,0,0,0,0,3
39,Adeola Odeku Street,secondary,3.4107575,6.4300919,3.4104892,6.4300449,3.41062335,6.4300684,30.1,260.0,2,50,yes,0,0,0,0,3
40,Adeola Odeku Street,secondary,3.4104892,6.4300449,3.410257,6.4300216,3.4103731,6.43003325,25.79,264.2,2,50,yes,0,0,0,0,3
41,Adeola Odeku Street,secondary,3.410257,6.4300216,3.4102413,6.4300209,3.4102491500000003,6.430021249999999,1.74,267.4,2,50,yes,0,0,0,0,3
42,Adeola Odeku Street,secondary,3.4102413,6.4300209,3.4100318,6.4300122,3.41013655,6.43001655,23.17,267.6,2,50,yes,0,0,0,0,3
43,Adeola Odeku Street,secondary,3.4100318,6.4300122,3.4097523,6.4300104,3.40989205,6.4300113,30.88,269.6,2,50,yes,0,0,0,0,3
44,Adeola Odeku Street,secondary,3.4097523,6.4300104,3.4093585,6.4300095,3.4095554000000003,6.43000995,43.51,269.9,2,50,yes,0,0,0,0,3
45,Adeola Odeku Street,secondary,3.4093585,6.4300095,3.4089,6.4300156,3.4091292500000003,6.43001255,50.67,270.8,2,50,yes,0,1,0,0,3
46,Adeola Odeku Street,secondary,3.4089,6.4300156,3.4087987,6.430015,3.40884935,6.4300153,11.19,269.7,2,50,yes,1,1,0,1,3
47,Saka Tinubu Street,tertiary,3.4239759,6.4270816,3.4238935,6.4270814,3.4239347,6.4270815,9.1,269.9,2,50,no,1,1,1,0,4
48,Saka Tinubu Street,tertiary,3.4238935,6.4270814,3.4231558,6.4270795,3.42352465,6.42708045,81.51,269.9,2,50,no,1,0,0,0,4
49,Saka Tinubu Street,tertiary,3.4231558,6.4270795,3.4225631,6.427078,3.42285945,6.42707875,65.49,269.9,2,50,no,0,0,0,0,4
50,Saka Tinubu Street,tertiary,3.4225631,6.427078,3.4221782,6.427077,3.42237065,6.427077499999999,42.53,269.9,2,50,no,0,0,0,0,4
51,Saka Tinubu Street,tertiary,3.4221782,6.427077,3.4213218,6.4270748,3.42175,6.4270759,94.63,269.9,2,50,no,0,0,0,0,4
52,Saka Tinubu Street,tertiary,3.4213218,6.4270748,3.4208378,6.4270735,3.4210798,6.427074149999999,53.48,269.8,2,50,no,0,0,0,0,4
53,Saka Tinubu Street,tertiary,3.4208378,6.4270735,3.4199417,6.4270712,3.42038975,6.42707235,99.02,269.9,2,50,no,0,0,0,0,4
54,Saka Tinubu Street,tertiary,3.4199417,6.4270712,3.4192519,6.4270694,3.4195968,6.4270703000000005,76.22,269.8,2,50,no,0,0,0,0,4
55,Saka Tinubu Street,tertiary,3.4192519,6.4270694,3.4186524,6.4270679,3.41895215,6.42706865,66.24,269.9,2,50,no,0,0,0,0,4
56,Saka Tinubu Street,tertiary,3.4186524,6.4270679,3.4172952,6.4270644,3.4179738,6.42706615,149.97,269.9,2,50,no,0,0,0,0,4
57,Saka Tinubu Street,tertiary,3.4172952,6.4270644,3.4164839,6.4270623,3.41688955,6.42706335,89.65,269.9,2,50,no,0,0,0,1,4
58,Akin Adesola Street,primary,3.4240005,6.4226451,3.4239971,6.4227308,3.4239988,6.42268795,9.54,357.7,2,50,yes,1,1,1,0,2
59,Akin Adesola Street,primary,3.4239971,6.4227308,3.4239914,6.4235933,3.42399425,6.42316205,95.91,359.6,2,50,yes,1,0,0,0,2
60,Akin Adesola Street,primary,3.4239914,6.4235933,3.42399,6.4240904,3.4239907,6.4238418500000005,55.28,359.8,2,50,yes,0,0,0,0,2
61,Akin Adesola Street,primary,3.42399,6.4240904,3.4240021,6.4248354,3.42399605,6.4244629,82.85,0.9,2,50,yes,0,0,0,1,2
62,Akin Adesola Street,primary,3.4245364,6.4377083,3.4243635,6.437314,3.42444995,6.43751115,47.83,203.5,2,50,yes,0,0,1,0,2
63,Akin Adesola Street,primary,3.4243635,6.437314,3.4242831,6.437082,3.4243233,6.437198,27.28,199.0,2,50,yes,0,0,0,0,2
64,Akin Adesola Street,primary,3.4242831,6.437082,3.4241192,6.4365436,3.42420115,6.4368128,62.55,196.8,2,50,yes,0,0,0,1,2
65,Ahmadu Bello Way,trunk,3.4273873,6.4226948,3.4273642,6.4226862,3.42737575,6.4226905,2.73,249.5,2,50,yes,0,0,1,0,1
66,Ahmadu Bello Way,trunk,3.4273642,6.4226862,3.4273318,6.4226822,3.4273480000000003,6.4226842,3.61,262.9,2,50,yes,0,0,0,0,1
67,Ahmadu Bello Way,trunk,3.4273318,6.4226822,3.4273032,6.4226801,3.4273175,6.42268115,3.17,265.8,2,50,yes,0,0,0,0,1
68,Ahmadu Bello Way,trunk,3.4273032,6.4226801,3.425889,6.4227217,3.4265961000000003,6.422700900000001,156.33,271.7,2,50,yes,0,0,0,0,1
69,Ahmadu Bello Way,trunk,3.425889,6.4227217,3.4249505,6.4227478,3.42541975,6.42273475,103.74,271.6,2,50,yes,0,0,0,0,1
70,Ahmadu Bello Way,trunk,3.4249505,6.4227478,3.4244943,6.4227404,3.4247224000000003,6.4227441,50.42,269.1,2,50,yes,0,0,0,0,1
71,Ahmadu Bello Way,trunk,3.4244943,6.4227404,3.4239971,6.4227308,3.4242457,6.4227356,54.95,268.9,2,50,yes,0,1,0,1,1
72,Ahmadu Bello Way,trunk,3.4041342,6.4402163,3.4026058,6.4412747,3.40337,6.4407455,205.84,304.9,2,50,yes,0,0,1,1,1
73,Ahmadu Bello Way,trunk,3.4016016,6.4418215,3.4013522,6.4419401,3.4014769,6.4418808,30.55,295.6,2,50,yes,0,0,1,0,1
74,Ahmadu Bello Way,trunk,3.4013522,6.4419401,3.4011644,6.4420427,3.4012583,6.4419914,23.68,298.8,2,50,yes,0,0,0,0,1
75,Ahmadu Bello Way,trunk,3.4011644,6.4420427,3.4010048,6.4421426,3.4010846,6.44209265,20.84,302.2,2,50,yes,0,0,0,0,1
76,Ahmadu Bello Way,trunk,3.4010048,6.4421426,3.4008613,6.4422586,3.40093305,6.4422006,20.44,309.1,2,50,yes,0,0,0,0,1
77,Ahmadu Bello Way,trunk,3.4008613,6.4422586,3.4006011,6.4425078,3.4007312,6.4423832,39.93,313.9,2,50,yes,0,0,0,0,1
78,Ahmadu Bello Way,trunk,3.4006011,6.4425078,3.4002836,6.442847,3.40044235,6.4426774,51.51,317.1,2,50,yes,0,0,0,0,1
79,Ahmadu Bello Way,trunk,3.4002836,6.442847,3.400077,6.4430451,3.4001803,6.44294605,31.72,314.0,2,50,yes,0,0,0,0,1
80,Ahmadu Bello Way,trunk,3.400077,6.4430451,3.3998836,6.4432203,3.3999803,6.4431327,28.92,312.4,2,50,yes,0,0,0,0,1
81,Ahmadu Bello Way,trunk,3.3998836,6.4432203,3.3996841,6.4433829,3.39978385,6.4433016,28.51,309.4,2,50,yes,0,0,0,0,1
82,Ahmadu Bello Way,trunk,3.3996841,6.4433829,3.3995179,6.4434999,3.399601,6.443441399999999,22.51,305.3,2,50,yes,0,0,0,0,1
83,Ahmadu Bello Way,trunk,3.3995179,6.4434999,3.3993481,6.4436014,3.399433,6.443550650000001,21.89,301.0,2,50,yes,0,0,0,0,1
84,Ahmadu Bello Way,trunk,3.3993481,6.4436014,3.399127,6.4437371,3.39923755,6.44366925,28.71,301.7,2,50,yes,0,0,0,0,1
85,Ahmadu Bello Way,trunk,3.399127,6.4437371,3.398817,6.4439374,3.398972,6.44383725,40.86,303.0,2,50,yes,0,0,0,0,1
86,Ahmadu Bello Way,trunk,3.398817,6.4439374,3.398798,6.4439497,3.3988075,6.44394355,2.51,303.1,2,50,yes,0,0,0,0,1
87,Ahmadu Bello Way,trunk,3.398798,6.4439497,3.3984956,6.4441496,3.3986468,6.44404965,40.13,303.6,2,50,yes,0,0,0,0,1
88,Ahmadu Bello Way,trunk,3.3984956,6.4441496,3.3982565,6.4442735,3.39837605,6.44421155,29.8,297.5,2,50,yes,0,0,0,1,1
89,Ahmadu Bello Way,trunk,3.4023887,6.4411018,3.4040321,6.440111,3.4032104,6.4406064,212.39,121.2,2,50,yes,0,0,1,1,1
90,Ahmadu Bello Way,trunk,3.4026058,6.4412747,3.4022929,6.4414662,3.40244935,6.44137045,40.6,301.6,2,50,yes,0,0,1,0,1
91,Ahmadu Bello Way,trunk,3.4022929,6.4414662,3.4020608,6.4415982,3.40217685,6.441532199999999,29.55,299.8,2,50,yes,0,0,0,0,1
92,Ahmadu Bello Way,trunk,3.4020608,6.4415982,3.4019643,6.4416481,3.40201255,6.44162315,12.02,297.5,2,50,yes,0,0,0,0,1
93,Ahmadu Bello Way,trunk,3.4019643,6.4416481,3.4019298,6.4416661,3.40194705,6.4416571000000005,4.31,297.7,2,50,yes,0,0,0,0,1
94,Ahmadu Bello Way,trunk,3.4019298,6.4416661,3.4018725,6.4416975,3.40190115,6.4416818,7.23,298.9,2,50,yes,0,0,0,0,1
95,Ahmadu Bello Way,trunk,3.4018725,6.4416975,3.4018175,6.4417228,3.401845,6.4417101500000005,6.7,294.8,2,50,yes,0,0,0,0,1
96,Ahmadu Bello Way,trunk,3.4018175,6.4417228,3.4017508,6.4417522,3.40178415,6.4417375,8.06,293.9,2,50,yes,0,0,0,0,1
97,Ahmadu Bello Way,trunk,3.4017508,6.4417522,3.4017025,6.4417738,3.40172665,6.441763,5.85,294.2,2,50,yes,0,0,0,0,1
98,Ahmadu Bello Way,trunk,3.4017025,6.4417738,3.4016258,6.4418108,3.40166415,6.4417923,9.42,295.9,2,50,yes,0,0,0,0,1
99,Ahmadu Bello Way,trunk,3.4016258,6.4418108,3.4016016,6.4418215,3.4016137,6.441816149999999,2.93,294.0,2,50,yes,0,0,0,1,1
100,Ahmadu Bello Way,trunk,3.399004,6.4435004,3.399136,6.4433781,3.39907,6.44343925,19.94,133.0,2,50,yes,0,0,1,0,1
101,Ahmadu Bello Way,trunk,3.399136,6.4433781,3.3992323,6.4432963,3.39918415,6.4433372,14.0,130.5,2,50,yes,0,0,0,0,1
102,Ahmadu Bello Way,trunk,3.3992323,6.4432963,3.3995091,6.443082,3.3993707,6.44318915,38.77,127.9,2,50,yes,0,0,0,0,1
103,Ahmadu Bello Way,trunk,3.3995091,6.443082,3.3996807,6.4429322,3.3995949000000003,6.443007100000001,25.24,131.3,2,50,yes,0,0,0,0,1
104,Ahmadu Bello Way,trunk,3.3996807,6.4429322,3.3998622,6.4427527,3.3997714500000003,6.4428424500000006,28.29,134.9,2,50,yes,0,0,0,0,1
105,Ahmadu Bello Way,trunk,3.3998622,6.4427527,3.4000894,6.4425212,3.3999758,6.44263695,35.96,135.7,2,50,yes,0,0,0,0,1
106,Ahmadu Bello Way,trunk,3.4000894,6.4425212,3.4002988,6.4422967,3.4001941,6.44240895,34.04,137.2,2,50,yes,0,0,0,0,1
107,Ahmadu Bello Way,trunk,3.4002988,6.4422967,3.4004791,6.4421234,3.40038895,6.44221005,27.72,134.0,2,50,yes,0,0,0,0,1
108,Ahmadu Bello Way,trunk,3.4004791,6.4421234,3.400678,6.4419507,3.40057855,6.44203705,29.18,131.1,2,50,yes,0,0,0,0,1
109,Ahmadu Bello Way,trunk,3.400678,6.4419507,3.4008582,6.4418086,3.4007681,6.44187965,25.42,128.4,2,50,yes,0,0,0,0,1
110,Ahmadu Bello Way,trunk,3.4008582,6.4418086,3.4010521,6.4416896,3.40095515,6.4417491,25.18,121.7,2,50,yes,0,0,0,0,1
111,Ahmadu Bello Way,trunk,3.4010521,6.4416896,3.4012583,6.4415864,3.4011552,6.441638,25.51,116.7,2,50,yes,0,0,0,0,1
112,Ahmadu Bello Way,trunk,3.4012583,6.4415864,3.4014842,6.4414862,3.40137125,6.4415363,27.33,114.1,2,50,yes,0,0,0,1,1
113,Ahmadu Bello Way,trunk,3.4086674,6.4346389,3.4087256,6.434284,3.4086965,6.434461450000001,39.98,170.7,2,50,yes,0,0,1,0,1
114,Ahmadu Bello Way,trunk,3.4087256,6.434284,3.4087752,6.4338056,3.4087504,6.434044800000001,53.48,174.1,2,50,yes,0,0,0,0,1
115,Ahmadu Bello Way,trunk,3.4087752,6.4338056,3.4087986,6.4332992,3.4087869,6.4335524,56.37,177.4,2,50,yes,0,0,0,0,1
116,Ahmadu Bello Way,trunk,3.4087986,6.4332992,3.4088127,6.4322024,3.40880565,6.432750800000001,121.97,179.3,2,50,yes,0,0,0,0,1
117,Ahmadu Bello Way,trunk,3.4088127,6.4322024,3.4088083,6.4318458,3.4088105,6.4320241,39.66,180.7,2,50,yes,0,0,0,0,1
118,Ahmadu Bello Way,trunk,3.4088083,6.4318458,3.408804,6.4314999,3.40880615,6.43167285,38.47,180.7,2,50,yes,0,0,0,0,1
119,Ahmadu Bello Way,trunk,3.408804,6.4314999,3.4087993,6.4311256,3.40880165,6.43131275,41.62,180.7,2,50,yes,0,0,0,0,1
120,Ahmadu Bello Way,trunk,3.4087993,6.4311256,3.4087993,6.4310476,3.4087993,6.4310866,8.67,180.0,2,50,yes,0,0,0,0,1
121,Ahmadu Bello Way,trunk,3.4087993,6.4310476,3.4087987,6.430015,3.408799,6.4305313,114.82,180.0,2,50,yes,0,1,0,0,1
122,Ahmadu Bello Way,trunk,3.4087987,6.430015,3.4087993,6.4299162,3.408799,6.4299656,10.99,179.7,2,50,yes,1,1,0,0,1
123,Ahmadu Bello Way,trunk,3.4087993,6.4299162,3.4087993,6.4293078,3.4087993,6.4296120000000005,67.65,180.0,2,50,yes,1,0,0,0,1
124,Ahmadu Bello Way,trunk,3.4087993,6.4293078,3.4088288,6.4286722,3.40881405,6.428990000000001,70.75,177.4,2,50,yes,0,0,0,0,1
125,Ahmadu Bello Way,trunk,3.4088288,6.4286722,3.4088624,6.4281983,3.4088456000000003,6.42843525,52.83,176.0,2,50,yes,0,0,0,0,1
126,Ahmadu Bello Way,trunk,3.4088624,6.4281983,3.4089012,6.4278859,3.4088818,6.4280421,35.0,173.0,2,50,yes,0,0,0,0,1
127,Ahmadu Bello Way,trunk,3.4089012,6.4278859,3.4089442,6.4276244,3.4089227,6.427755149999999,29.46,170.7,2,50,yes,0,0,0,0,1
128,Ahmadu Bello Way,trunk,3.4089442,6.4276244,3.4089953,6.427355,3.40896975,6.427489700000001,30.48,169.3,2,50,yes,0,0,0,0,1
129,Ahmadu Bello Way,trunk,3.4089953,6.427355,3.40903,6.4271716,3.40901265,6.4272633,20.75,169.4,2,50,yes,0,0,0,0,1
130,Ahmadu Bello Way,trunk,3.40903,6.4271716,3.4090492,6.42709,3.4090396,6.4271308000000005,9.32,166.8,2,50,yes,0,0,0,0,1
131,Ahmadu Bello Way,trunk,3.4090492,6.42709,3.4091212,6.4267851,3.4090852,6.42693755,34.82,166.8,2,50,yes,0,0,0,0,1
132,Ahmadu Bello Way,trunk,3.4091212,6.4267851,3.4091571,6.426652,3.40913915,6.42671855,15.32,165.0,2,50,yes,0,0,0,0,1
133,Ahmadu Bello Way,trunk,3.4091571,6.426652,3.4091886,6.4265349,3.40917285,6.42659345,13.48,165.0,2,50,yes,0,0,0,0,1
134,Ahmadu Bello Way,trunk,3.4091886,6.4265349,3.4093159,6.4260629,3.40925225,6.4262989,54.34,165.0,2,50,yes,0,0,0,0,1
135,Ahmadu Bello Way,trunk,3.4093159,6.4260629,3.4095281,6.4254643,3.409422,6.4257636,70.57,160.6,2,50,yes,0,0,0,0,1
136,Ahmadu Bello Way,trunk,3.4095281,6.4254643,3.4095504,6.4254014,3.40953925,6.42543285,7.42,160.6,2,50,yes,0,0,0,0,1
137,Ahmadu Bello Way,trunk,3.4095504,6.4254014,3.4096416,6.4251645,3.409596,6.42528295,28.2,159.1,2,50,yes,0,0,0,0,1
138,Ahmadu Bello Way,trunk,3.4096416,6.4251645,3.4098337,6.4246737,3.4097376500000003,6.4249191,58.56,158.7,2,50,yes,0,0,0,0,1
139,Ahmadu Bello Way,trunk,3.4098337,6.4246737,3.4101015,6.424149,3.4099676,6.42441135,65.42,153.1,2,50,yes,0,0,0,0,1
140,Ahmadu Bello Way,trunk,3.4101015,6.424149,3.410248,6.4238851,3.4101747500000004,6.42401705,33.51,151.1,2,50,yes,0,0,0,0,1
141,Ahmadu Bello Way,trunk,3.410248,6.4238851,3.4103121,6.4237759,3.41028005,6.423830499999999,14.06,149.7,2,50,yes,0,0,0,0,1
142,Ahmadu Bello Way,trunk,3.4103121,6.4237759,3.4105481,6.4234214,3.4104301,6.42359865,47.26,146.5,2,50,yes,0,0,0,0,1
143,Ahmadu Bello Way,trunk,3.4105481,6.4234214,3.4107117,6.4232215,3.4106299,6.42332145,28.65,140.9,2,50,yes,0,0,0,0,1
144,Ahmadu Bello Way,trunk,3.4107117,6.4232215,3.4108995,6.4230069,3.4108056,6.4231142000000006,31.62,139.0,2,50,yes,0,0,0,0,1
145,Ahmadu Bello Way,trunk,3.4108995,6.4230069,3.4111637,6.4227551,3.4110316000000003,6.422881,40.45,133.8,2,50,yes,0,0,0,0,1
146,Ahmadu Bello Way,trunk,3.4111637,6.4227551,3.411448,6.4225152,3.41130585,6.42263515,41.21,130.3,2,50,yes,0,0,0,0,1
147,Ahmadu Bello Way,trunk,3.411448,6.4225152,3.4115097,6.4224694,3.41147885,6.4224923,8.51,126.8,2,50,yes,0,0,0,0,1
148,Ahmadu Bello Way,trunk,3.4115097,6.4224694,3.4116052,6.4223986,3.41155745,6.422434,13.17,126.7,2,50,yes,0,0,0,0,1
149,Ahmadu Bello Way,trunk,3.4116052,6.4223986,3.411832,6.422248,3.4117186,6.4223233,30.14,123.8,2,50,yes,0,0,0,0,1
150,Ahmadu Bello Way,trunk,3.411832,6.422248,3.4120233,6.4221314,3.41192765,6.4221897,24.8,121.5,2,50,yes,0,0,0,0,1
151,Ahmadu Bello Way,trunk,3.4120233,6.4221314,3.4121935,6.4220571,3.4121084,6.42209425,20.54,113.7,2,50,yes,0,0,0,0,1
152,Ahmadu Bello Way,trunk,3.4121935,6.4220571,3.41227,6.422027,3.41223175,6.42204205,9.09,111.6,2,50,yes,0,0,0,0,1
153,Ahmadu Bello Way,trunk,3.41227,6.422027,3.4123846,6.4220112,3.4123273000000003,6.4220191,12.78,97.9,2,50,yes,0,0,0,0,1
154,Ahmadu Bello Way,trunk,3.4123846,6.4220112,3.412447,6.4220078,3.4124158,6.4220095,6.91,93.1,2,50,yes,0,0,0,0,1
155,Ahmadu Bello Way,trunk,3.412447,6.4220078,3.4124769,6.4220062,3.41246195,6.422007000000001,3.31,93.1,2,50,yes,0,0,0,0,1
156,Ahmadu Bello Way,trunk,3.4124769,6.4220062,3.4125182,6.4220039,3.4124975500000003,6.42200505,4.57,93.2,2,50,yes,0,0,0,0,1
157,Ahmadu Bello Way,trunk,3.4125182,6.4220039,3.4126427,6.4220067,3.41258045,6.4220053,13.76,88.7,2,50,yes,0,0,0,0,1
158,Ahmadu Bello Way,trunk,3.4126427,6.4220067,3.412773,6.4220221,3.4127078500000003,6.4220144,14.5,83.2,2,50,yes,0,0,0,0,1
159,Ahmadu Bello Way,trunk,3.412773,6.4220221,3.4129769,6.4220407,3.41287495,6.4220314,22.63,84.8,2,50,yes,0,0,0,0,1
160,Ahmadu Bello Way,trunk,3.4129769,6.4220407,3.4134295,6.4221003,3.4132032,6.4220705,50.45,82.5,2,50,yes,0,0,0,0,1
161,Ahmadu Bello Way,trunk,3.4134295,6.4221003,3.4136037,6.4221194,3.4135166,6.42210985,19.37,83.7,2,50,yes,0,0,0,0,1
162,Ahmadu Bello Way,trunk,3.4136037,6.4221194,3.4147994,6.4222486,3.41420155,6.422184,132.9,83.8,2,50,yes,0,0,0,0,1
163,Ahmadu Bello Way,trunk,3.4147994,6.4222486,3.4152903,6.4222846,3.41504485,6.4222666,54.39,85.8,2,50,yes,0,0,0,0,1
164,Ahmadu Bello Way,trunk,3.4152903,6.4222846,3.4159648,6.4223166,3.41562755,6.4223006,74.62,87.3,2,50,yes,0,0,0,0,1
165,Ahmadu Bello Way,trunk,3.4159648,6.4223166,3.4174198,6.4223749,3.4166923,6.42234575,160.9,87.7,2,50,yes,0,0,0,0,1
166,Ahmadu Bello Way,trunk,3.4174198,6.4223749,3.4178974,6.4223979,3.4176586,6.422386400000001,52.84,87.2,2,50,yes,0,0,0,0,1
167,Ahmadu Bello Way,trunk,3.4178974,6.4223979,3.4189535,6.422451,3.41842545,6.422424449999999,116.85,87.1,2,50,yes,0,0,0,0,1
168,Ahmadu Bello Way,trunk,3.4189535,6.422451,3.4192597,6.4224619,3.4191066,6.42245645,33.86,87.9,2,50,yes,0,0,0,0,1
169,Ahmadu Bello Way,trunk,3.4192597,6.4224619,3.419896,6.4224844,3.41957785,6.42247315,70.35,88.0,2,50,yes,0,0,0,0,1
170,Ahmadu Bello Way,trunk,3.419896,6.4224844,3.421686,6.4225472,3.420791,6.4225158,197.91,88.0,2,50,yes,0,0,0,0,1
171,Ahmadu Bello Way,trunk,3.421686,6.4225472,3.4233101,6.4226338,3.42249805,6.4225905,179.72,86.9,2,50,yes,0,0,0,0,1
172,Ahmadu Bello Way,trunk,3.4233101,6.4226338,3.4237446,6.4226404,3.42352735,6.422637099999999,48.02,89.1,2,50,yes,0,1,0,0,1
173,Ahmadu Bello Way,trunk,3.4237446,6.4226404,3.4239089,6.4226458,3.42382675,6.4226431,18.16,88.1,2,50,yes,1,1,0,0,1
174,Ahmadu Bello Way,trunk,3.4239089,6.4226458,3.4240005,6.4226451,3.4239547,6.42264545,10.12,90.4,2,50,yes,1,1,0,1,1
175,Ahmadu Bello Way,trunk,3.4084922,6.4358232,3.4083273,6.4362923,3.40840975,6.43605775,55.25,340.7,2,50,yes,0,0,1,0,1
176,Ahmadu Bello Way,trunk,3.4083273,6.4362923,3.4082052,6.4366068,3.40826625,6.43644955,37.48,338.9,2,50,yes,0,0,0,0,1
177,Ahmadu Bello Way,trunk,3.4082052,6.4366068,3.4080389,6.436948,3.40812205,6.4367774,42.16,334.2,2,50,yes,0,0,0,0,1
178,Ahmadu Bello Way,trunk,3.4080389,6.436948,3.4077264,6.437477,3.4078826500000003,6.4372125,68.21,329.6,2,50,yes,0,0,0,0,1
179,Ahmadu Bello Way,trunk,3.4077264,6.437477,3.4075373,6.4377382,3.40763185,6.4376076,35.78,324.3,2,50,yes,0,0,0,0,1
180,Ahmadu Bello Way,trunk,3.4075373,6.4377382,3.4073791,6.4379155,3.4074582,6.43782685,26.35,318.4,2,50,yes,0,0,0,0,1
181,Ahmadu Bello Way,trunk,3.4073791,6.4379155,3.4072437,6.4380385,3.4073114,6.437977,20.27,312.4,2,50,yes,0,0,0,0,1
182,Ahmadu Bello Way,trunk,3.4072437,6.4380385,3.4070371,6.438218,3.4071404000000003,6.43812825,30.32,311.2,2,50,yes,0,0,0,1,1
183,Ahmadu Bello Way,trunk,3.4087734,6.4346453,3.4086404,6.4352829,3.4087069,6.4349641,72.4,348.3,2,50,yes,0,0,1,0,1
184,Ahmadu Bello Way,trunk,3.4086404,6.4352829,3.408566,6.435566,3.4086032,6.435424449999999,32.54,345.4,2,50,yes,0,0,0,0,1
185,Ahmadu Bello Way,trunk,3.408566,6.435566,3.4084922,6.4358232,3.4085291,6.4356946,29.74,344.1,2,50,yes,0,0,0,1,1
186,Ahmadu Bello Way,trunk,3.4239971,6.4227308,3.4239055,6.422731,3.4239513,6.4227309,10.12,270.1,2,50,yes,1,1,1,0,1
187,Ahmadu Bello Way,trunk,3.4239055,6.422731,3.4233695,6.422708,3.4236375,6.4227195,59.28,267.5,2,50,yes,1,0,0,0,1
188,Ahmadu Bello Way,trunk,3.4233695,6.422708,3.421977,6.4226418,3.42267325,6.4226749000000005,154.04,267.3,2,50,yes,0,0,0,0,1
189,Ahmadu Bello Way,trunk,3.421977,6.4226418,3.4207285,6.4225882,3.42135275,6.422615,138.08,267.5,2,50,yes,0,0,0,0,1
190,Ahmadu Bello Way,trunk,3.4207285,6.4225882,3.4206506,6.4225854,3.42068955,6.4225868,8.61,267.9,2,50,yes,0,0,0,0,1
191,Ahmadu Bello Way,trunk,3.4206506,6.4225854,3.4203127,6.4225737,3.42048165,6.42257955,37.36,268.0,2,50,yes,0,0,0,0,1
192,Ahmadu Bello Way,trunk,3.4203127,6.4225737,3.4196582,6.422551,3.4199854500000004,6.42256235,72.36,268.0,2,50,yes,0,0,0,0,1
193,Ahmadu Bello Way,trunk,3.4196582,6.422551,3.4192437,6.4225366,3.41945095,6.4225438,45.83,268.0,2,50,yes,0,0,0,0,1
194,Ahmadu Bello Way,trunk,3.4192437,6.4225366,3.4191752,6.4225342,3.4192094500000003,6.4225354,7.57,268.0,2,50,yes,0,0,0,0,1
195,Ahmadu Bello Way,trunk,3.4191752,6.4225342,3.417896,6.4224895,3.4185356,6.42251185,141.44,268.0,2,50,yes,0,0,0,0,1
196,Ahmadu Bello Way,trunk,3.417896,6.4224895,3.4177039,6.4224774,3.41779995,6.42248345,21.27,266.4,2,50,yes,0,0,0,0,1
197,Ahmadu Bello Way,trunk,3.4177039,6.4224774,3.4155587,6.4223954,3.4166313,6.4224364000000005,237.21,267.8,2,50,yes,0,0,0,0,1
198,Ahmadu Bello Way,trunk,3.4155587,6.4223954,3.4148082,6.4223407,3.41518345,6.42236805,83.15,265.8,2,50,yes,0,0,0,0,1
199,Ahmadu Bello Way,trunk,3.4148082,6.4223407,3.4135872,6.4222031,3.4141977,6.4222719,135.78,263.5,2,50,yes,0,0,0,1,1
200,Ahmadu Bello Way,trunk,3.4070371,6.438218,3.4059204,6.4390005,3.40647875,6.43860925,150.98,305.2,2,50,yes,0,0,1,0,1
201,Ahmadu Bello Way,trunk,3.4059204,6.4390005,3.4046131,6.4398847,3.40526675,6.4394426,174.73,304.2,2,50,yes,0,0,0,0,1
202,Ahmadu Bello Way,trunk,3.4046131,6.4398847,3.4041342,6.4402163,3.40437365,6.4400505,64.49,304.9,2,50,yes,0,0,0,1,1
203,Ahmadu Bello Way,trunk,3.4084016,6.4357899,3.4085382,6.4352602,3.4084699,6.43552505,60.8,165.6,2,50,yes,0,0,1,0,1
204,Ahmadu Bello Way,trunk,3.4085382,6.4352602,3.4086674,6.4346389,3.4086028,6.434949550000001,70.54,168.3,2,50,yes,0,0,0,1,1
205,Ahmadu Bello Way,trunk,3.4240005,6.4226451,3.4249449,6.4226724,3.4244727,6.42265875,104.4,88.3,2,50,yes,1,0,1,0,1
206,Ahmadu Bello Way,trunk,3.4249449,6.4226724,3.4251474,6.4226631,3.42504615,6.4226677500000005,22.4,92.6,2,50,yes,0,0,0,0,1
207,Ahmadu Bello Way,trunk,3.4251474,6.4226631,3.425884,6.4226372,3.4255157,6.42265015,81.44,92.0,2,50,yes,0,0,0,0,1
208,Ahmadu Bello Way,trunk,3.425884,6.4226372,3.4273017,6.4225802,3.42659285,6.4226087,156.78,92.3,2,50,yes,0,0,0,0,1
209,Ahmadu Bello Way,trunk,3.4273017,6.4225802,3.427447,6.4226093,3.42737435,6.42259475,16.38,78.6,2,50,yes,0,0,0,1,1
210,Ahmadu Bello Way,trunk,3.4069392,6.4381727,3.4070949,6.438041,3.4070170500000003,6.4381068500000005,22.59,130.4,2,50,yes,0,0,1,0,1
211,Ahmadu Bello Way,trunk,3.4070949,6.438041,3.4073352,6.4378194,3.40721505,6.4379302,36.22,132.9,2,50,yes,0,0,0,0,1
212,Ahmadu Bello Way,trunk,3.4073352,6.4378194,3.4075374,6.4375777,3.4074363,6.43769855,34.95,140.3,2,50,yes,0,0,0,0,1
213,Ahmadu Bello Way,trunk,3.4075374,6.4375777,3.4077177,6.4373261,3.40762755,6.4374519,34.35,144.5,2,50,yes,0,0,0,0,1
214,Ahmadu Bello Way,trunk,3.4077177,6.4373261,3.4078861,6.4370318,3.4078019,6.43717895,37.64,150.4,2,50,yes,0,0,0,0,1
215,Ahmadu Bello Way,trunk,3.4078861,6.4370318,3.4080666,6.4366595,3.40797635,6.43684565,45.95,154.3,2,50,yes,0,0,0,0,1
216,Ahmadu Bello Way,trunk,3.4080666,6.4366595,3.4082302,6.4362602,3.4081484,6.43645985,47.94,157.8,2,50,yes,0,0,0,0,1
217,Ahmadu Bello Way,trunk,3.4082302,6.4362602,3.4084016,6.4357899,3.4083159,6.43602505,55.62,160.1,2,50,yes,0,0,0,1,1
218,Adeola Odeku Street,secondary,3.4087993,6.4299162,3.4089006,6.4299169,3.40884995,6.42991655,11.19,89.6,2,50,yes,1,1,1,0,3
219,Adeola Odeku Street,secondary,3.4089006,6.4299169,3.40915,6.4299169,3.4090253,6.4299169,27.56,90.0,2,50,yes,1,1,0,0,3
220,Adeola Odeku Street,secondary,3.40915,6.4299169,3.4097522,6.4299202,3.4094511,6.42991855,66.54,89.7,2,50,yes,1,0,0,0,3
221,Adeola Odeku Street,secondary,3.4097522,6.4299202,3.4097963,6.4299212,3.40977425,6.4299207,4.87,88.7,2,50,yes,0,0,0,0,3
222,Adeola Odeku Street,secondary,3.4097963,6.4299212,3.409958,6.4299249,3.40987715,6.429923049999999,17.87,88.7,2,50,yes,0,0,0,0,3
223,Adeola Odeku Street,secondary,3.409958,6.4299249,3.410037,6.429928,3.4099975,6.42992645,8.74,87.7,2,50,yes,0,0,0,0,3
224,Adeola Odeku Street,secondary,3.410037,6.429928,3.4100988,6.4299305,3.4100679,6.429929250000001,6.83,87.7,2,50,yes,0,0,0,0,3
225,Adeola Odeku Street,secondary,3.4100988,6.4299305,3.4101914,6.4299342,3.4101451000000003,6.42993235,10.24,87.7,2,50,yes,0,0,0,0,3
226,Adeola Odeku Street,secondary,3.4101914,6.4299342,3.4103818,6.4299502,3.4102866,6.4299422,21.11,85.2,2,50,yes,0,0,0,0,3
227,Adeola Odeku Street,secondary,3.4103818,6.4299502,3.4105977,6.4299768,3.41048975,6.4299635,24.04,82.9,2,50,yes,0,0,0,0,3
228,Adeola Odeku Street,secondary,3.4105977,6.4299768,3.410807,6.4300221,3.41070235,6.42999945,23.67,77.7,2,50,yes,0,0,0,0,3
229,Adeola Odeku Street,secondary,3.410807,6.4300221,3.4110244,6.4300798,3.4109157000000003,6.43005095,24.86,75.0,2,50,yes,0,0,0,0,3
230,Adeola Odeku Street,secondary,3.4110244,6.4300798,3.4112719,6.4301603,3.41114815,6.430120049999999,28.78,71.9,2,50,yes,0,0,0,0,3
231,Adeola Odeku Street,secondary,3.4112719,6.4301603,3.4115951,6.4302802,3.4114335,6.43022025,38.12,69.5,2,50,yes,0,0,0,0,3
232,Adeola Odeku Street,secondary,3.4115951,6.4302802,3.4120186,6.4304311,3.41180685,6.43035565,49.71,70.3,2,50,yes,0,0,0,0,3
233,Adeola Odeku Street,secondary,3.4120186,6.4304311,3.4123316,6.4305173,3.4121751,6.4304742,35.89,74.5,2,50,yes,0,0,0,0,3
234,Adeola Odeku Street,secondary,3.4123316,6.4305173,3.4125598,6.4305632,3.4124457,6.43054025,25.73,78.6,2,50,yes,0,0,0,0,3
235,Adeola Odeku Street,secondary,3.4125598,6.4305632,3.4127792,6.4305864,3.4126695,6.4305748000000005,24.38,83.9,2,50,yes,0,0,0,0,3
236,Adeola Odeku Street,secondary,3.4127792,6.4305864,3.4133171,6.4306172,3.41304815,6.4306018,59.53,86.7,2,50,yes,0,0,0,0,3
237,Adeola Odeku Street,secondary,3.4133171,6.4306172,3.4134543,6.4306174,3.4133857,6.4306173,15.16,89.9,2,50,yes,0,0,0,0,3
238,Adeola Odeku Street,secondary,3.4134543,6.4306174,3.4140873,6.4306183,3.4137708,6.43061785,69.94,89.9,2,50,yes,0,0,0,0,3
239,Adeola Odeku Street,secondary,3.4140873,6.4306183,3.4150904,6.4306196,3.41458885,6.43061895,110.84,89.9,2,50,yes,0,0,0,0,3
240,Adeola Odeku Street,secondary,3.4150904,6.4306196,3.4151468,6.4306197,3.4151186,6.430619650000001,6.23,89.9,2,50,yes,0,0,0,0,3
241,Adeola Odeku Street,secondary,3.4151468,6.4306197,3.4151937,6.4306198,3.41517025,6.43061975,5.18,89.9,2,50,yes,0,0,0,0,3
242,Adeola Odeku Street,secondary,3.4151937,6.4306198,3.4157696,6.4306176,3.4154816500000003,6.4306187,63.63,90.2,2,50,yes,0,0,0,0,3
243,Adeola Odeku Street,secondary,3.4157696,6.4306176,3.4161298,6.4306085,3.4159497,6.43061305,39.81,91.5,2,50,yes,0,0,0,0,3
244,Adeola Odeku Street,secondary,3.4161298,6.4306085,3.4164825,6.4305912,3.41630615,6.43059985,39.02,92.8,2,50,yes,0,0,0,0,3
245,Adeola Odeku Street,secondary,3.4164825,6.4305912,3.4166119,6.4305805,3.4165472,6.43058585,14.35,94.8,2,50,yes,0,0,0,0,3
246,Adeola Odeku Street,secondary,3.4166119,6.4305805,3.4169633,6.4305339,3.4167876,6.4305572,39.17,97.6,2,50,yes,0,0,0,0,3
247,Adeola Odeku Street,secondary,3.4169633,6.4305339,3.4173764,6.4304686,3.41716985,6.430501250000001,46.22,99.0,2,50,yes,0,0,0,0,3
248,Adeola Odeku Street,secondary,3.4173764,6.4304686,3.4176003,6.4304253,3.41748835,6.43044695,25.2,101.0,2,50,yes,0,0,0,0,3
249,Adeola Odeku Street,secondary,3.4176003,6.4304253,3.418688,6.4301407,3.41814415,6.430282999999999,124.28,104.8,2,50,yes,0,0,0,0,3
250,Adeola Odeku Street,secondary,3.418688,6.4301407,3.418896,6.4300883,3.418792,6.4301145,23.71,104.2,2,50,yes,0,0,0,0,3
251,Adeola Odeku Street,secondary,3.418896,6.4300883,3.4191448,6.4300256,3.4190204,6.43005695,28.36,104.2,2,50,yes,0,0,0,0,3
252,Adeola Odeku Street,secondary,3.4191448,6.4300256,3.4192137,6.4300082,3.41917925,6.4300169,7.86,104.3,2,50,yes,0,0,0,0,3
253,Adeola Odeku Street,secondary,3.4192137,6.4300082,3.4193688,6.4299662,3.41929125,6.429987199999999,17.76,105.2,2,50,yes,0,0,0,0,3
254,Adeola Odeku Street,secondary,3.4193688,6.4299662,3.4202772,6.429723,3.419823,6.4298446,103.95,105.1,2,50,yes,0,0,0,0,3
255,Adeola Odeku Street,secondary,3.4202772,6.429723,3.420756,6.4295887,3.4205166,6.42965585,54.97,105.8,2,50,yes,0,0,0,0,3
256,Adeola Odeku Street,secondary,3.420756,6.4295887,3.4213232,6.4294311,3.4210396,6.4295099,65.08,105.6,2,50,yes,0,0,0,0,3
257,Adeola Odeku Street,secondary,3.4213232,6.4294311,3.4216928,6.4293421,3.421508,6.429386600000001,42.02,103.6,2,50,yes,0,0,0,0,3
258,Adeola Odeku Street,secondary,3.4216928,6.4293421,3.4220012,6.4292679,3.421847,6.429305,35.06,103.6,2,50,yes,0,0,0,0,3
259,Adeola Odeku Street,secondary,3.4220012,6.4292679,3.4222077,6.4292352,3.42210445,6.42925155,23.11,99.1,2,50,yes,0,0,0,0,3
260,Adeola Odeku Street,secondary,3.4222077,6.4292352,3.4223253,6.42922,3.4222665,6.4292276,13.1,97.4,2,50,yes,0,0,0,0,3
261,Adeola Odeku Street,secondary,3.4223253,6.42922,3.4223974,6.4292106,3.42236135,6.4292153,8.04,97.5,2,50,yes,0,0,0,0,3
262,Adeola Odeku Street,secondary,3.4223974,6.4292106,3.4225664,6.4291946,3.4224819,6.4292026,18.76,95.4,2,50,yes,0,0,0,0,3
263,Adeola Odeku Street,secondary,3.4225664,6.4291946,3.42276,6.4291706,3.4226632,6.4291826,21.56,97.1,2,50,yes,0,0,0,0,3
264,Adeola Odeku Street,secondary,3.42276,6.4291706,3.4229238,6.4291602,3.4228419,6.4291654000000005,18.14,93.7,2,50,yes,0,0,0,0,3
265,Adeola Odeku Street,secondary,3.4229238,6.4291602,3.4232061,6.4291572,3.42306495,6.4291587,31.19,90.6,2,50,yes,0,0,0,0,3
266,Adeola Odeku Street,secondary,3.4232061,6.4291572,3.4238783,6.4291634,3.4235422,6.4291603,74.28,89.5,2,50,yes,0,1,0,0,3
267,Adeola Odeku Street,secondary,3.4238783,6.4291634,3.4239774,6.4291637,3.42392785,6.42916355,10.95,89.8,2,50,yes,1,1,0,1,3
268,Akin Adesola Street,primary,3.4241192,6.4365436,3.4240649,6.4363338,3.42409205,6.4364387,24.09,194.4,2,50,yes,0,0,1,0,2
269,Akin Adesola Street,primary,3.4240649,6.4363338,3.4240106,6.4361245,3.42403775,6.43622915,24.03,194.5,2,50,yes,0,0,0,0,2
270,Akin Adesola Street,primary,3.4240106,6.4361245,3.423986,6.4359952,3.4239983,6.43605985,14.63,190.7,2,50,yes,0,0,0,0,2
271,Akin Adesola Street,primary,3.423986,6.4359952,3.4239364,6.4355967,3.4239612,6.435795949999999,44.65,187.1,2,50,yes,0,0,0,0,2
272,Akin Adesola Street,primary,3.4239364,6.4355967,3.4239097,6.4353093,3.42392305,6.435453,32.09,185.3,2,50,yes,0,0,0,0,2
273,Akin Adesola Street,primary,3.4239097,6.4353093,3.4238827,6.4349717,3.4238962,6.4351405,37.66,184.5,2,50,yes,0,0,0,0,2
274,Akin Adesola Street,primary,3.4238827,6.4349717,3.423876,6.4345892,3.42387935,6.43478045,42.54,181.0,2,50,yes,0,0,0,0,2
275,Akin Adesola Street,primary,3.423876,6.4345892,3.4238948,6.4333738,3.4238854,6.4339815,135.16,179.1,2,50,yes,0,0,0,0,2
276,Akin Adesola Street,primary,3.4238948,6.4333738,3.4238908,6.432345,3.4238928,6.4328594,114.4,180.2,2,50,yes,0,0,0,0,2
277,Akin Adesola Street,primary,3.4238908,6.432345,3.4238814,6.4311109,3.4238861,6.43172795,137.23,180.4,2,50,yes,0,1,0,0,2
278,Akin Adesola Street,primary,3.4238814,6.4311109,3.4238827,6.4306778,3.42388205,6.43089435,48.16,179.8,2,50,yes,1,1,0,0,2
279,Akin Adesola Street,primary,3.4238827,6.4306778,3.423878,6.4292447,3.42388035,6.42996125,159.35,180.2,2,50,yes,1,1,0,0,2
280,Akin Adesola Street,primary,3.423878,6.4292447,3.4238783,6.4291634,3.42387815,6.42920405,9.04,179.8,2,50,yes,1,1,0,0,2
281,Akin Adesola Street,primary,3.4238783,6.4291634,3.4238935,6.428279,3.4238859,6.4287212,98.36,179.0,2,50,yes,1,0,0,0,2
282,Akin Adesola Street,primary,3.4238935,6.428279,3.4238921,6.4275567,3.4238928,6.42791785,80.32,180.1,2,50,yes,0,0,0,0,2
283,Akin Adesola Street,primary,3.4238921,6.4275567,3.4238935,6.4270814,3.4238928,6.42731905,52.85,179.8,2,50,yes,0,1,0,0,2
284,Akin Adesola Street,primary,3.4238935,6.4270814,3.4239015,6.4262827,3.4238975,6.42668205,88.82,179.4,2,50,yes,1,0,0,0,2
285,Akin Adesola Street,primary,3.4239015,6.4262827,3.4239055,6.4256523,3.4239035,6.4259675000000005,70.1,179.6,2,50,yes,0,0,0,0,2
286,Akin Adesola Street,primary,3.4239055,6.4256523,3.4239055,6.424838,3.4239055,6.42524515,90.55,180.0,2,50,yes,0,0,0,0,2
287,Akin Adesola Street,primary,3.4239055,6.424838,3.4238974,6.4240864,3.42390145,6.424462200000001,83.58,180.6,2,50,yes,0,0,0,0,2
288,Akin Adesola Street,primary,3.4238974,6.4240864,3.4239069,6.4234454,3.42390215,6.4237659,71.28,179.2,2,50,yes,0,0,0,0,2
289,Akin Adesola Street,primary,3.4239069,6.4234454,3.4239055,6.422731,3.4239062,6.4230882000000005,79.44,180.1,2,50,yes,0,1,0,0,2
290,Akin Adesola Street,primary,3.4239055,6.422731,3.4239089,6.4226458,3.4239072,6.4226884,9.48,177.7,2,50,yes,1,1,0,1,2
291,Akin Adesola Street,primary,3.4242604,6.4367071,3.4243674,6.4370679,3.4243139,6.436887499999999,41.82,16.4,2,50,yes,0,0,1,0,2
292,Akin Adesola Street,primary,3.4243674,6.4370679,3.4244785,6.4373718,3.4244229500000003,6.43721985,35.95,20.0,2,50,yes,0,0,0,0,2
293,Akin Adesola Street,primary,3.4244785,6.4373718,3.4246419,6.437746,3.4245602,6.4375589,45.36,23.5,2,50,yes,0,0,0,1,2
294,Akin Adesola Street,primary,3.4246419,6.437746,3.4247843,6.4380673,3.4247131,6.43790665,39.04,23.8,2,50,yes,0,0,1,1,2
295,Ahmadu Bello Way,trunk,3.4135872,6.4222031,3.4134396,6.4221951,3.4135134,6.4221991,16.33,266.9,2,50,yes,0,0,1,0,1
296,Ahmadu Bello Way,trunk,3.4134396,6.4221951,3.4130386,6.4221287,3.4132391,6.4221619,44.92,260.5,2,50,yes,0,0,0,0,1
297,Ahmadu Bello Way,trunk,3.4130386,6.4221287,3.4126197,6.4220883,3.4128291500000003,6.4221085,46.5,264.5,2,50,yes,0,0,0,0,1
298,Ahmadu Bello Way,trunk,3.4126197,6.4220883,3.4124887,6.4220874,3.4125542,6.4220878500000005,14.48,269.6,2,50,yes,0,0,0,0,1
299,Ahmadu Bello Way,trunk,3.4124887,6.4220874,3.4123532,6.4220994,3.41242095,6.4220934,15.03,275.1,2,50,yes,0,0,0,0,1
300,Ahmadu Bello Way,trunk,3.4123532,6.4220994,3.4122178,6.4221407,3.4122855000000003,6.42212005,15.65,287.1,2,50,yes,0,0,0,0,1
301,Ahmadu Bello Way,trunk,3.4122178,6.4221407,3.4120797,6.4221967,3.41214875,6.4221687,16.48,292.2,2,50,yes,0,0,0,0,1
302,Ahmadu Bello Way,trunk,3.4120797,6.4221967,3.411841,6.4223288,3.41196035,6.42226275,30.19,299.1,2,50,yes,0,0,0,0,1
303,Ahmadu Bello Way,trunk,3.411841,6.4223288,3.4116733,6.4224565,3.41175715,6.42239265,23.35,307.5,2,50,yes,0,0,0,0,1
304,Ahmadu Bello Way,trunk,3.4116733,6.4224565,3.4116135,6.4224998,3.4116434,6.42247815,8.18,306.1,2,50,yes,0,0,0,0,1
305,Ahmadu Bello Way,trunk,3.4116135,6.4224998,3.4114413,6.4226245,3.4115274,6.42256215,23.54,306.1,2,50,yes,0,0,0,0,1
306,Ahmadu Bello Way,trunk,3.4114413,6.4226245,3.4112187,6.4228204,3.41133,6.42272245,32.86,311.5,2,50,yes,0,0,0,0,1
307,Ahmadu Bello Way,trunk,3.4112187,6.4228204,3.4109317,6.4231056,3.4110752,6.422963,44.85,315.0,2,50,yes,0,0,0,0,1
308,Ahmadu Bello Way,trunk,3.4109317,6.4231056,3.4109135,6.4231268,3.4109226,6.423116200000001,3.1,319.5,2,50,yes,0,0,0,0,1
309,Ahmadu Bello Way,trunk,3.4109135,6.4231268,3.4107614,6.4233041,3.41083745,6.423215450000001,25.91,319.6,2,50,yes,0,0,0,0,1
310,Ahmadu Bello Way,trunk,3.4107614,6.4233041,3.4107428,6.4233293,3.4107521,6.4233167,3.48,323.7,2,50,yes,0,0,0,0,1
311,Ahmadu Bello Way,trunk,3.4107428,6.4233293,3.410634,6.423476,3.4106884,6.42340265,20.26,323.6,2,50,yes,0,0,0,0,1
312,Ahmadu Bello Way,trunk,3.410634,6.423476,3.4105487,6.4235841,3.41059135,6.42353005,15.27,321.9,2,50,yes,0,0,0,0,1
313,Ahmadu Bello Way,trunk,3.4105487,6.4235841,3.4104128,6.4237909,3.41048075,6.4236875,27.46,326.9,2,50,yes,0,0,0,0,1
314,Ahmadu Bello Way,trunk,3.4104128,6.4237909,3.4101793,6.424197,3.41029605,6.42399395,52.01,330.3,2,50,yes,0,0,0,0,1
315,Ahmadu Bello Way,trunk,3.4101793,6.424197,3.4100175,6.4245004,3.4100984,6.4243487,38.18,332.1,2,50,yes,0,0,0,0,1
316,Ahmadu Bello Way,trunk,3.4100175,6.4245004,3.4099465,6.4246335,3.4099820000000003,6.42456695,16.75,332.1,2,50,yes,0,0,0,0,1
317,Ahmadu Bello Way,trunk,3.4099465,6.4246335,3.4097086,6.4251925,3.40982755,6.424913,67.49,337.1,2,50,yes,0,0,0,0,1
318,Ahmadu Bello Way,trunk,3.4097086,6.4251925,3.4096232,6.4254235,3.4096659,6.425307999999999,27.36,339.8,2,50,yes,0,0,0,0,1
319,Ahmadu Bello Way,trunk,3.4096232,6.4254235,3.4093924,6.4260862,3.4095078,6.425754850000001,77.98,340.9,2,50,yes,0,0,0,0,1
320,Ahmadu Bello Way,trunk,3.4093924,6.4260862,3.4092055,6.4268092,3.40929895,6.426447700000001,83.0,345.6,2,50,yes,0,0,0,0,1
321,Ahmadu Bello Way,trunk,3.4092055,6.4268092,3.4091147,6.4271919,3.4091601,6.427000550000001,43.72,346.7,2,50,yes,0,0,0,0,1
322,Ahmadu Bello Way,trunk,3.4091147,6.4271919,3.4090943,6.4272879,3.4091045,6.4272399,10.91,348.1,2,50,yes,0,0,0,0,1
323,Ahmadu Bello Way,trunk,3.4090943,6.4272879,3.4090499,6.4275879,3.4090721,6.427437899999999,33.72,351.6,2,50,yes,0,0,0,0,1
324,Ahmadu Bello Way,trunk,3.4090499,6.4275879,3.4090046,6.4278943,3.40902725,6.4277411,34.44,351.6,2,50,yes,0,0,0,0,1
325,Ahmadu Bello Way,trunk,3.4090046,6.4278943,3.4089911,6.4279969,3.40899785,6.4279456,11.51,352.6,2,50,yes,0,0,0,0,1
326,Ahmadu Bello Way,trunk,3.4089911,6.4279969,3.4089623,6.4282155,3.4089767,6.4281062,24.51,352.5,2,50,yes,0,0,0,0,1
327,Ahmadu Bello Way,trunk,3.4089623,6.4282155,3.4089588,6.4282618,3.40896055,6.42823865,5.16,355.7,2,50,yes,0,0,0,0,1
328,Ahmadu Bello Way,trunk,3.4089588,6.4282618,3.4089267,6.4286868,3.40894275,6.4284743,47.39,355.7,2,50,yes,0,0,0,0,1
329,Ahmadu Bello Way,trunk,3.4089267,6.4286868,3.4088996,6.4292993,3.40891315,6.428993050000001,68.17,357.5,2,50,yes,0,0,0,0,1
330,Ahmadu Bello Way,trunk,3.4088996,6.4292993,3.4089006,6.4299169,3.4089001,6.4296081,68.67,0.1,2,50,yes,0,1,0,0,1
331,Ahmadu Bello Way,trunk,3.4089006,6.4299169,3.4089,6.4300156,3.4089003,6.42996625,10.98,359.7,2,50,yes,1,1,0,0,1
332,Ahmadu Bello Way,trunk,3.4089,6.4300156,3.4088973,6.4309095,3.4088986500000003,6.43046255,99.4,359.8,2,50,yes,1,0,0,0,1
333,Ahmadu Bello Way,trunk,3.4088973,6.4309095,3.4088945,6.4310443,3.4088959,6.4309769,14.99,358.8,2,50,yes,0,0,0,0,1
334,Ahmadu Bello Way,trunk,3.4088945,6.4310443,3.4088959,6.4311229,3.4088952,6.4310836,8.74,1.0,2,50,yes,0,0,0,0,1
335,Ahmadu Bello Way,trunk,3.4088959,6.4311229,3.4088855,6.4318116,3.4088907,6.43146725,76.59,359.1,2,50,yes,0,0,0,0,1
336,Ahmadu Bello Way,trunk,3.4088855,6.4318116,3.4088857,6.4318512,3.4088856,6.4318314,4.4,0.3,2,50,yes,0,0,0,0,1
337,Ahmadu Bello Way,trunk,3.4088857,6.4318512,3.4088906,6.4327639,3.40888815,6.43230755,101.49,0.3,2,50,yes,0,0,0,0,1
338,Ahmadu Bello Way,trunk,3.4088906,6.4327639,3.408897,6.4333098,3.4088938,6.433036850000001,60.71,0.7,2,50,yes,0,0,0,0,1
339,Ahmadu Bello Way,trunk,3.408897,6.4333098,3.408841,6.4341027,3.408869,6.43370625,88.38,356.0,2,50,yes,0,0,0,0,1
340,Ahmadu Bello Way,trunk,3.408841,6.4341027,3.4087734,6.4346453,3.4088072,6.434374,60.79,352.9,2,50,yes,0,0,0,1,1
341,Akin Adesola Street,primary,3.4240021,6.4248354,3.4239914,6.4256776,3.42399675,6.4252565,93.66,359.3,2,50,yes,0,0,1,0,2
342,Akin Adesola Street,primary,3.4239914,6.4256776,3.4239813,6.426228,3.42398635,6.4259528,61.21,359.0,2,50,yes,0,0,0,0,2
343,Akin Adesola Street,primary,3.4239813,6.426228,3.4239759,6.4270816,3.4239786,6.4266548,94.92,359.6,2,50,yes,0,1,0,0,2
344,Akin Adesola Street,primary,3.4239759,6.4270816,3.4239783,6.4273948,3.4239771,6.4272382,34.83,0.4,2,50,yes,1,1,0,0,2
345,Akin Adesola Street,primary,3.4239783,6.4273948,3.4239829,6.4279938,3.4239806,6.427694300000001,66.61,0.4,2,50,yes,1,0,0,0,2
346,Akin Adesola Street,primary,3.4239829,6.4279938,3.4239833,6.4280391,3.4239831,6.42801645,5.04,0.5,2,50,yes,0,0,0,0,2
347,Akin Adesola Street,primary,3.4239833,6.4280391,3.4239748,6.4284683,3.42397905,6.4282537,47.73,358.9,2,50,yes,0,0,0,0,2
348,Akin Adesola Street,primary,3.4239748,6.4284683,3.4239726,6.4285815,3.4239737,6.428524899999999,12.59,358.9,2,50,yes,0,0,0,0,2
349,Akin Adesola Street,primary,3.4239726,6.4285815,3.423978,6.4289472,3.4239753,6.42876435,40.67,0.8,2,50,yes,0,1,0,0,2
350,Akin Adesola Street,primary,3.423978,6.4289472,3.4239773,6.4290241,3.42397765,6.42898565,8.55,359.5,2,50,yes,1,1,0,0,2
351,Akin Adesola Street,primary,3.4239773,6.4290241,3.4239774,6.4291637,3.42397735,6.4290939,15.52,0.0,2,50,yes,1,1,0,0,2
352,Akin Adesola Street,primary,3.4239774,6.4291637,3.4239777,6.4292452,3.42397755,6.42920445,9.06,0.2,2,50,yes,1,1,0,0,2
353,Akin Adesola Street,primary,3.4239777,6.4292452,3.4239775,6.4301001,3.4239776,6.4296726500000005,95.06,360.0,2,50,yes,1,0,0,0,2
354,Akin Adesola Street,primary,3.4239775,6.4301001,3.4239776,6.4302933,3.42397755,6.4301967,21.48,0.0,2,50,yes,0,0,0,0,2
355,Akin Adesola Street,primary,3.4239776,6.4302933,3.4239776,6.4303766,3.4239776,6.43033495,9.26,0.0,2,50,yes,0,0,0,0,2
356,Akin Adesola Street,primary,3.4239776,6.4303766,3.4239777,6.4305682,3.4239776500000003,6.430472399999999,21.3,0.0,2,50,yes,0,0,0,0,2
357,Akin Adesola Street,primary,3.4239777,6.4305682,3.423978,6.4311413,3.42397785,6.43085475,63.73,0.0,2,50,yes,0,1,0,0,2
358,Akin Adesola Street,primary,3.423978,6.4311413,3.4239794,6.431298,3.4239787,6.43121965,17.42,0.5,2,50,yes,1,1,0,0,2
359,Akin Adesola Street,primary,3.4239794,6.431298,3.423969,6.4346277,3.4239742,6.43296285,370.25,359.8,2,50,yes,1,0,0,0,2
360,Akin Adesola Street,primary,3.423969,6.4346277,3.4239739,6.434949,3.42397145,6.43478835,35.73,0.9,2,50,yes,0,0,0,0,2
361,Akin Adesola Street,primary,3.4239739,6.434949,3.4239897,6.4352119,3.4239818,6.435080449999999,29.29,3.4,2,50,yes,0,0,0,0,2
362,Akin Adesola Street,primary,3.4239897,6.4352119,3.424015,6.4354837,3.42400235,6.4353478,30.35,5.3,2,50,yes,0,0,0,0,2
363,Akin Adesola Street,primary,3.424015,6.4354837,3.4240338,6.4356701,3.4240244,6.4355769,20.83,5.7,2,50,yes,0,0,0,0,2
364,Akin Adesola Street,primary,3.4240338,6.4356701,3.4240627,6.4358681,3.42404825,6.4357691,22.25,8.3,2,50,yes,0,0,0,0,2
365,Akin Adesola Street,primary,3.4240627,6.4358681,3.4240919,6.436011,3.4240773,6.4359395500000005,16.21,11.5,2,50,yes,0,0,0,0,2
366,Akin Adesola Street,primary,3.4240919,6.436011,3.4241238,6.4361914,3.42410785,6.4361012,20.37,10.0,2,50,yes,0,0,0,0,2
367,Akin Adesola Street,primary,3.4241238,6.4361914,3.4241844,6.4364416,3.4241541,6.4363165,28.62,13.5,2,50,yes,0,0,0,0,2
368,Akin Adesola Street,primary,3.4241844,6.4364416,3.4242604,6.4367071,3.4242224,6.43657435,30.69,15.9,2,50,yes,0,0,0,1,2
369,Akin Adesola Street,primary,3.4247024,6.4380904,3.4245364,6.4377083,3.4246194,6.43789935,46.28,203.3,2,50,yes,0,0,1,1,2
370,Ahmadu Bello Way,trunk,3.4014842,6.4414862,3.4017058,6.4414047,3.401595,6.44144545,26.11,110.3,2,50,yes,0,0,1,0,1
371,Ahmadu Bello Way,trunk,3.4017058,6.4414047,3.4018069,6.4413689,3.40175635,6.4413868,11.86,109.6,2,50,yes,0,0,0,0,1
372,Ahmadu Bello Way,trunk,3.4018069,6.4413689,3.4019119,6.4413317,3.4018594,6.4413503,12.32,109.6,2,50,yes,0,0,0,0,1
373,Ahmadu Bello Way,trunk,3.4019119,6.4413317,3.4020286,6.441284,3.40197025,6.441307849999999,13.94,112.4,2,50,yes,0,0,0,0,1
374,Ahmadu Bello Way,trunk,3.4020286,6.441284,3.402101,6.4412545,3.4020648,6.44126925,8.65,112.3,2,50,yes,0,0,0,0,1
375,Ahmadu Bello Way,trunk,3.402101,6.4412545,3.4022744,6.441171,3.4021877,6.44121275,21.29,115.9,2,50,yes,0,0,0,0,1
376,Ahmadu Bello Way,trunk,3.4022744,6.441171,3.4023887,6.4411018,3.40233155,6.4411364,14.79,121.4,2,50,yes,0,0,0,1,1
