segment_id,osm_way_id,road_name,highway_type,lanes,maxspeed_kmh,oneway,surface,lit,node_from_osm_id,lat_from,lon_from,node_to_osm_id,lat_to,lon_to,lat_center,lon_center,length_m,bearing_deg,has_signal_from,signal_from_osm_id,has_signal_to,signal_to_osm_id,is_way_entry,is_way_exit,segment_index_in_way,total_segments_in_way
0,5150134,Ahmadu Bello Way,trunk,2,50,yes,paved,yes,1090910116,6.440111,3.4040321,5588599662,6.4396866,3.4047197,6.4398988,3.4043759,89.44,121.8,0,,0,,1,0,0,4
1,5150134,Ahmadu Bello Way,trunk,2,50,yes,paved,yes,5588599662,6.4396866,3.4047197,5588599661,6.4393334,3.4052293,6.43951,3.4049745,68.65,124.9,0,,0,,0,0,1,4
2,5150134,Ahmadu Bello Way,trunk,2,50,yes,paved,yes,5588599661,6.4393334,3.4052293,31674770,6.4388759,3.4058898,6.43910465,3.40555955,88.96,124.9,0,,0,,0,0,2,4
3,5150134,Ahmadu Bello Way,trunk,2,50,yes,paved,yes,31674770,6.4388759,3.4058898,5588599657,6.4381727,3.4069392,6.4385243,3.4064145000000003,139.85,124.0,0,,0,,0,1,3,4
4,5150268,Adeola Odeku Street,secondary,2,50,yes,paving_stones,yes,5902583245,6.4292452,3.4239777,95636900,6.4292447,3.423878,6.42924495,3.42392785,11.02,269.7,1,31674708,1,31674708,1,0,0,43
5,5150268,Adeola Odeku Street,secondary,2,50,yes,paving_stones,yes,95636900,6.4292447,3.423878,35723955,6.4292439,3.4232068,6.429244300000001,3.4235424,74.16,269.9,1,31674708,0,,0,0,1,43
6,5150268,Adeola Odeku Street,secondary,2,50,yes,paving_stones,yes,35723955,6.4292439,3.4232068,5902583247,6.4292462,3.4229081,6.4292450500000005,3.42305745,33.01,270.4,0,,0,,0,0,2,43
7,5150268,Adeola Odeku Street,secondary,2,50,yes,paving_stones,yes,5902583247,6.4292462,3.4229081,10175321663,6.429264,3.4226602,6.4292551,3.42278415,27.46,274.1,0,,0,,0,0,3,43
8,5150268,Adeola Odeku Street,secondary,2,50,yes,paving_stones,yes,10175321663,6.429264,3.4226602,35723956,6.4292645,3.4226536,6.42926425,3.4226569,0.73,274.4,0,,0,,0,0,4,43
9,5150268,Adeola Odeku Street,secondary,2,50,yes,paving_stones,yes,35723956,6.4292645,3.4226536,5108265560,6.4292965,3.4223425,6.429280500000001,3.4224980499999997,34.56,275.9,0,,0,,0,0,5,43
10,5150268,Adeola Odeku Street,secondary,2,50,yes,paving_stones,yes,5108265560,6.4292965,3.4223425,5582731538,6.4293218,3.4221882,6.42930915,3.42226535,17.28,279.4,0,,0,,0,0,6,43
11,5150268,Adeola Odeku Street,secondary,2,50,yes,paving_stones,yes,5582731538,6.4293218,3.4221882,35723957,6.4293505,3.4220146,6.42933615,3.4221014,19.45,279.4,0,,0,,0,0,7,43
12,5150268,Adeola Odeku Street,secondary,2,50,yes,paving_stones,yes,35723957,6.4293505,3.4220146,1235946207,6.429505,3.4213475,6.42942775,3.42168105,75.69,283.1,0,,0,,0,0,8,43
13,5150268,Adeola Odeku Street,secondary,2,50,yes,paving_stones,yes,1235946207,6.429505,3.4213475,7736583587,6.4296641,3.4207818,6.4295845499999995,3.42106465,64.96,285.8,0,,0,,0,0,9,43
14,5150268,Adeola Odeku Street,secondary,2,50,yes,paving_stones,yes,7736583587,6.4296641,3.4207818,2389029050,6.4297996,3.4202946,6.42973185,3.4205382,55.9,285.6,0,,0,,0,0,10,43
15,5150268,Adeola Odeku Street,secondary,2,50,yes,paving_stones,yes,2389029050,6.4297996,3.4202946,5246332238,6.4300875,3.4192251,6.42994355,3.41975985,122.43,285.2,0,,0,,0,0,11,43
16,5150268,Adeola Odeku Street,secondary,2,50,yes,paving_stones,yes,5246332238,6.4300875,3.4192251,35723960,6.4302193,3.4186926,6.4301534,3.41895885,60.64,284.0,0,,0,,0,0,12,43
17,5150268,Adeola Odeku Street,secondary,2,50,yes,paving_stones,yes,35723960,6.4302193,3.4186926,5246332237,6.4304253,3.4179242,6.4303223,3.4183084,87.94,285.1,0,,0,,0,0,13,43
18,5150268,Adeola Odeku Street,secondary,2,50,yes,paving_stones,yes,5246332237,6.4304253,3.4179242,5582731539,6.4304999,3.417611,6.4304626,3.4177676,35.59,283.5,0,,0,,0,0,14,43
19,5150268,Adeola Odeku Street,secondary,2,50,yes,paving_stones,yes,5582731539,6.4304999,3.417611,35723962,6.4305459,3.4173837,6.4305229,3.4174973499999997,25.63,281.5,0,,0,,0,0,15,43
20,5150268,Adeola Odeku Street,secondary,2,50,yes,paving_stones,yes,35723962,6.4305459,3.4173837,7735981657,6.4305824,3.417155,6.43056415,3.4172693499999998,25.59,279.1,0,,0,,0,0,16,43
21,5150268,Adeola Odeku Street,secondary,2,50,yes,paving_stones,yes,7735981657,6.4305824,3.417155,5582731540,6.4305906,3.4171028,6.4305865,3.4171289,5.84,279.0,0,,0,,0,0,17,43
22,5150268,Adeola Odeku Street,secondary,2,50,yes,paving_stones,yes,5582731540,6.4305906,3.4171028,5246332236,6.4306481,3.4166764,6.430619350000001,3.4168896,47.55,277.7,0,,0,,0,0,18,43
23,5150268,Adeola Odeku Street,secondary,2,50,yes,paving_stones,yes,5246332236,6.4306481,3.4166764,35723963,6.4306639,3.4164825,6.430656,3.41657945,21.5,274.7,0,,0,,0,0,19,43
24,5150268,Adeola Odeku Street,secondary,2,50,yes,paving_stones,yes,35723963,6.4306639,3.4164825,5246332234,6.430682,3.4161489,6.43067295,3.4163157,36.92,273.1,0,,0,,0,0,20,43
25,5150268,Adeola Odeku Street,secondary,2,50,yes,paving_stones,yes,5246332234,6.430682,3.4161489,5246332233,6.4306901,3.4158276,6.43068605,3.41598825,35.51,271.5,0,,0,,0,0,21,43
26,5150268,Adeola Odeku Street,secondary,2,50,yes,paving_stones,yes,5246332233,6.4306901,3.4158276,35723964,6.4306911,3.4151957,6.4306906,3.41551165,69.82,270.1,0,,0,,0,0,22,43
27,5150268,Adeola Odeku Street,secondary,2,50,yes,paving_stones,yes,35723964,6.4306911,3.4151957,35723965,6.4306905,3.4141704,6.4306908,3.41468305,113.29,270.0,0,,0,,0,0,23,43
28,5150268,Adeola Odeku Street,secondary,2,50,yes,paving_stones,yes,35723965,6.4306905,3.4141704,10175281248,6.4306911,3.4137855,6.4306908,3.41397795,42.53,270.1,0,,0,,0,0,24,43
29,5150268,Adeola Odeku Street,secondary,2,50,yes,paving_stones,yes,10175281248,6.4306911,3.4137855,1598718049,6.4306918,3.4133088,6.430691449999999,3.41354715,52.67,270.1,0,,0,,0,0,25,43
30,5150268,Adeola Odeku Street,secondary,2,50,yes,paving_stones,yes,1598718049,6.4306918,3.4133088,2339926122,6.4306652,3.412767,6.4306785,3.4130379,59.94,267.2,0,,0,,0,0,26,43
31,5150268,Adeola Odeku Street,secondary,2,50,yes,paving_stones,yes,2339926122,6.4306652,3.412767,5246332229,6.4306312,3.4125423,6.4306482,3.4126546500000003,25.11,261.3,0,,0,,0,0,27,43
32,5150268,Adeola Odeku Street,secondary,2,50,yes,paving_stones,yes,5246332229,6.4306312,3.4125423,35723967,6.4305912,3.412309,6.4306111999999995,3.4124256500000003,26.16,260.2,0,,0,,0,0,28,43
33,5150268,Adeola Odeku Street,secondary,2,50,yes,paving_stones,yes,35723967,6.4305912,3.412309,5582731541,6.4305545,3.4121574,6.430572850000001,3.4122332,17.24,256.3,0,,0,,0,0,29,43
34,5150268,Adeola Odeku Street,secondary,2,50,yes,paving_stones,yes,5582731541,6.4305545,3.4121574,1598718046,6.4305106,3.4120099,6.430532550000001,3.41208365,17.01,253.3,0,,0,,0,0,30,43
35,5150268,Adeola Odeku Street,secondary,2,50,yes,paving_stones,yes,1598718046,6.4305106,3.4120099,35723968,6.4303526,3.4115727,6.4304316,3.4117913,51.4,250.0,0,,0,,0,0,31,43
36,5150268,Adeola Odeku Street,secondary,2,50,yes,paving_stones,yes,35723968,6.4303526,3.4115727,5582731542,6.4302332,3.4112488,6.4302928999999995,3.41141075,38.17,249.6,0,,0,,0,0,32,43
37,5150268,Adeola Odeku Street,secondary,2,50,yes,paving_stones,yes,5582731542,6.4302332,3.4112488,5246332226,6.4301521,3.4109967,6.43019265,3.41112275,29.28,252.1,0,,0,,0,0,33,43
38,5150268,Adeola Odeku Street,secondary,2,50,yes,paving_stones,yes,5246332226,6.4301521,3.4109967,35723970,6.4300919,3.4107575,6.430122,3.4108771,27.27,255.8,0,,0,,0,0,34,43
39,5150268,Adeola Odeku Street,secondary,2,50,yes,paving_stones,yes,35723970,6.4300919,3.4107575,5582731543,6.4300449,3.4104892,6.4300684,3.41062335,30.1,260.0,0,,0,,0,0,35,43
40,5150268,Adeola Odeku Street,secondary,2,50,yes,paving_stones,yes,5582731543,6.4300449,3.4104892,1480437267,6.4300216,3.410257,6.43003325,3.4103731,25.79,264.2,0,,0,,0,0,36,43
41,5150268,Adeola Odeku Street,secondary,2,50,yes,paving_stones,yes,1480437267,6.4300216,3.410257,7736149344,6.4300209,3.4102413,6.430021249999999,3.4102491500000003,1.74,267.4,0,,0,,0,0,37,43
42,5150268,Adeola Odeku Street,secondary,2,50,yes,paving_stones,yes,7736149344,6.4300209,3.4102413,35723971,6.4300122,3.4100318,6.4300165499999995,3.41013655,23.17,267.6,0,,0,,0,0,38,43
43,5150268,Adeola Odeku Street,secondary,2,50,yes,paving_stones,yes,35723971,6.4300122,3.4100318,1480437288,6.4300104,3.4097523,6.4300113,3.40989205,30.88,269.6,0,,0,,0,0,39,43
44,5150268,Adeola Odeku Street,secondary,2,50,yes,paving_stones,yes,1480437288,6.4300104,3.4097523,7116217627,6.4300095,3.4093585,6.43000995,3.4095554000000003,43.51,269.9,0,,0,,0,0,40,43
45,5150268,Adeola Odeku Street,secondary,2,50,yes,paving_stones,yes,7116217627,6.4300095,3.4093585,1480437222,6.4300156,3.4089,6.43001255,3.4091292500000003,50.67,270.8,0,,1,1480437222,0,0,41,43
46,5150268,Adeola Odeku Street,secondary,2,50,yes,paving_stones,yes,1480437222,6.4300156,3.4089,5622523776,6.430015,3.4087987,6.4300153,3.40884935,11.19,269.7,1,1480437222,1,1480437222,0,1,42,43
47,5196508,Saka Tinubu Street,tertiary,2,50,no,asphalt,yes,36240967,6.4270816,3.4239759,95636908,6.4270814,3.4238935,6.4270815,3.4239347,9.1,269.9,1,36240967,1,36240967,1,0,0,11
48,5196508,Saka Tinubu Street,tertiary,2,50,no,asphalt,yes,95636908,6.4270814,3.4238935,10836366411,6.4270795,3.4231558,6.42708045,3.42352465,81.51,269.9,1,36240967,0,,0,0,1,11
49,5196508,Saka Tinubu Street,tertiary,2,50,no,asphalt,yes,10836366411,6.4270795,3.4231558,9882740712,6.427078,3.4225631,6.42707875,3.42285945,65.49,269.9,0,,0,,0,0,2,11
50,5196508,Saka Tinubu Street,tertiary,2,50,no,asphalt,yes,9882740712,6.427078,3.4225631,36240962,6.427077,3.4221782,6.427077499999999,3.42237065,42.53,269.9,0,,0,,0,0,3,11
51,5196508,Saka Tinubu Street,tertiary,2,50,no,asphalt,yes,36240962,6.427077,3.4221782,1235946208,6.4270748,3.4213218,6.4270759,3.42175,94.63,269.9,0,,0,,0,0,4,11
52,5196508,Saka Tinubu Street,tertiary,2,50,no,asphalt,yes,1235946208,6.4270748,3.4213218,10181976499,6.4270735,3.4208378,6.427074149999999,3.4210798000000002,53.48,269.8,0,,0,,0,0,5,11
53,5196508,Saka Tinubu Street,tertiary,2,50,no,asphalt,yes,10181976499,6.4270735,3.4208378,5673268464,6.4270712,3.4199417,6.4270723499999995,3.42038975,99.02,269.9,0,,0,,0,0,6,11
54,5196508,Saka Tinubu Street,tertiary,2,50,no,asphalt,yes,5673268464,6.4270712,3.4199417,1235946200,6.4270694,3.4192519,6.4270703000000005,3.4195968,76.22,269.8,0,,0,,0,0,7,11
55,5196508,Saka Tinubu Street,tertiary,2,50,no,asphalt,yes,1235946200,6.4270694,3.4192519,1598717989,6.4270679,3.4186524,6.42706865,3.41895215,66.24,269.9,0,,0,,0,0,8,11
56,5196508,Saka Tinubu Street,tertiary,2,50,no,asphalt,yes,1598717989,6.4270679,3.4186524,4742766612,6.4270644,3.4172952,6.42706615,3.4179738,149.97,269.9,0,,0,,0,0,9,11
57,5196508,Saka Tinubu Street,tertiary,2,50,no,asphalt,yes,4742766612,6.4270644,3.4172952,36240960,6.4270623,3.4164839,6.42706335,3.4168895499999996,89.65,269.9,0,,0,,0,1,10,11
58,8160805,Akin Adesola Street,primary,2,50,yes,asphalt,yes,31674712,6.4226451,3.4240005,168577454,6.4227308,3.4239971,6.42268795,3.4239987999999997,9.54,357.7,1,31674712,1,31674712,1,0,0,4
59,8160805,Akin Adesola Street,primary,2,50,yes,asphalt,yes,168577454,6.4227308,3.4239971,5582802497,6.4235933,3.4239914,6.42316205,3.42399425,95.91,359.6,1,31674712,0,,0,0,1,4
60,8160805,Akin Adesola Street,primary,2,50,yes,asphalt,yes,5582802497,6.4235933,3.4239914,36240966,6.4240904,3.42399,6.4238418500000005,3.4239907,55.28,359.8,0,,0,,0,0,2,4
61,8160805,Akin Adesola Street,primary,2,50,yes,asphalt,yes,36240966,6.4240904,3.42399,31674711,6.4248354,3.4240021,6.4244629,3.42399605,82.85,0.9,0,,0,,0,1,3,4
62,10740235,Akin Adesola Street,primary,2,50,yes,asphalt,yes,1472121865,6.4377083,3.4245364,5396714428,6.437314,3.4243635,6.43751115,3.42444995,47.83,203.5,0,,0,,1,0,0,3
63,10740235,Akin Adesola Street,primary,2,50,yes,asphalt,yes,5396714428,6.437314,3.4243635,1472121874,6.437082,3.4242831,6.437198,3.4243233,27.28,199.0,0,,0,,0,0,1,3
64,10740235,Akin Adesola Street,primary,2,50,yes,asphalt,yes,1472121874,6.437082,3.4242831,31700878,6.4365436,3.4241192,6.4368128,3.42420115,62.55,196.8,0,,0,,0,1,2,3
65,16369652,Ahmadu Bello Way,trunk,2,50,yes,asphalt,yes,168585503,6.4226948,3.4273873,5396711911,6.4226862,3.4273642,6.4226905,3.42737575,2.73,249.5,0,,0,,1,0,0,7
66,16369652,Ahmadu Bello Way,trunk,2,50,yes,asphalt,yes,5396711911,6.4226862,3.4273642,168583238,6.4226822,3.4273318,6.4226842,3.4273480000000003,3.61,262.9,0,,0,,0,0,1,7
67,16369652,Ahmadu Bello Way,trunk,2,50,yes,asphalt,yes,168583238,6.4226822,3.4273318,168586633,6.4226801,3.4273032,6.42268115,3.4273175,3.17,265.8,0,,0,,0,0,2,7
68,16369652,Ahmadu Bello Way,trunk,2,50,yes,asphalt,yes,168586633,6.4226801,3.4273032,1289576526,6.4227217,3.425889,6.422700900000001,3.4265961000000003,156.33,271.7,0,,0,,0,0,3,7
69,16369652,Ahmadu Bello Way,trunk,2,50,yes,asphalt,yes,1289576526,6.4227217,3.425889,4707949578,6.4227478,3.4249505,6.42273475,3.42541975,103.74,271.6,0,,0,,0,0,4,7
70,16369652,Ahmadu Bello Way,trunk,2,50,yes,asphalt,yes,4707949578,6.4227478,3.4249505,5588108883,6.4227404,3.4244943,6.4227441,3.4247224000000003,50.42,269.1,0,,0,,0,0,5,7
71,16369652,Ahmadu Bello Way,trunk,2,50,yes,asphalt,yes,5588108883,6.4227404,3.4244943,168577454,6.4227308,3.4239971,6.4227356,3.4242457,54.95,268.9,0,,1,31674712,0,1,6,7
72,93858642,Ahmadu Bello Way,trunk,2,50,yes,paved,yes,1090910163,6.4402163,3.4041342,1090910134,6.4412747,3.4026058,6.4407455,3.40337,205.84,304.9,0,,0,,1,1,0,1
73,93858656,Ahmadu Bello Way,trunk,2,50,yes,paved,yes,1090910120,6.4418215,3.4016016,5740709711,6.4419401,3.4013522,6.4418808,3.4014768999999996,30.55,295.6,0,,0,,1,0,0,16
74,93858656,Ahmadu Bello Way,trunk,2,50,yes,paved,yes,5740709711,6.4419401,3.4013522,5740709713,6.4420427,3.4011644,6.4419914,3.4012583,23.68,298.8,0,,0,,0,0,1,16
75,93858656,Ahmadu Bello Way,trunk,2,50,yes,paved,yes,5740709713,6.4420427,3.4011644,5740709712,6.4421426,3.4010048,6.44209265,3.4010846,20.84,302.2,0,,0,,0,0,2,16
76,93858656,Ahmadu Bello Way,trunk,2,50,yes,paved,yes,5740709712,6.4421426,3.4010048,5740709714,6.4422586,3.4008613,6.4422006,3.40093305,20.44,309.1,0,,0,,0,0,3,16
77,93858656,Ahmadu Bello Way,trunk,2,50,yes,paved,yes,5740709714,6.4422586,3.4008613,5740709715,6.4425078,3.4006011,6.4423832,3.4007312,39.93,313.9,0,,0,,0,0,4,16
78,93858656,Ahmadu Bello Way,trunk,2,50,yes,paved,yes,5740709715,6.4425078,3.4006011,1472172475,6.442847,3.4002836,6.4426774,3.4004423499999996,51.51,317.1,0,,0,,0,0,5,16
79,93858656,Ahmadu Bello Way,trunk,2,50,yes,paved,yes,1472172475,6.442847,3.4002836,2245287653,6.4430451,3.400077,6.44294605,3.4001802999999997,31.72,314.0,0,,0,,0,0,6,16
80,93858656,Ahmadu Bello Way,trunk,2,50,yes,paved,yes,2245287653,6.4430451,3.400077,2245287657,6.4432203,3.3998836,6.4431327,3.3999803,28.92,312.4,0,,0,,0,0,7,16
81,93858656,Ahmadu Bello Way,trunk,2,50,yes,paved,yes,2245287657,6.4432203,3.3998836,1472172478,6.4433829,3.3996841,6.4433016,3.39978385,28.51,309.4,0,,0,,0,0,8,16
82,93858656,Ahmadu Bello Way,trunk,2,50,yes,paved,yes,1472172478,6.4433829,3.3996841,1472203773,6.4434999,3.3995179,6.443441399999999,3.399601,22.51,305.3,0,,0,,0,0,9,16
83,93858656,Ahmadu Bello Way,trunk,2,50,yes,paved,yes,1472203773,6.4434999,3.3995179,2245287655,6.4436014,3.3993481,6.443550650000001,3.399433,21.89,301.0,0,,0,,0,0,10,16
84,93858656,Ahmadu Bello Way,trunk,2,50,yes,paved,yes,2245287655,6.4436014,3.3993481,2245287718,6.4437371,3.399127,6.44366925,3.39923755,28.71,301.7,0,,0,,0,0,11,16
85,93858656,Ahmadu Bello Way,trunk,2,50,yes,paved,yes,2245287718,6.4437371,3.399127,13036536534,6.4439374,3.398817,6.44383725,3.398972,40.86,303.0,0,,0,,0,0,12,16
86,93858656,Ahmadu Bello Way,trunk,2,50,yes,paved,yes,13036536534,6.4439374,3.398817,1090910189,6.4439497,3.398798,6.44394355,3.3988075,2.51,303.1,0,,0,,0,0,13,16
87,93858656,Ahmadu Bello Way,trunk,2,50,yes,paved,yes,1090910189,6.4439497,3.398798,5392876277,6.4441496,3.3984956,6.44404965,3.3986468,40.13,303.6,0,,0,,0,0,14,16
88,93858656,Ahmadu Bello Way,trunk,2,50,yes,paved,yes,5392876277,6.4441496,3.3984956,1029527211,6.4442735,3.3982565,6.44421155,3.39837605,29.8,297.5,0,,0,,0,1,15,16
89,93858659,Ahmadu Bello Way,trunk,2,50,yes,paved,yes,1090910214,6.4411018,3.4023887,1090910116,6.440111,3.4040321,6.4406064,3.4032104,212.39,121.2,0,,0,,1,1,0,1
90,93858661,Ahmadu Bello Way,trunk,2,50,yes,paved,yes,1090910134,6.4412747,3.4026058,2245287720,6.4414662,3.4022929,6.44137045,3.40244935,40.6,301.6,0,,0,,1,0,0,10
91,93858661,Ahmadu Bello Way,trunk,2,50,yes,paved,yes,2245287720,6.4414662,3.4022929,2245287731,6.4415982,3.4020608,6.441532199999999,3.40217685,29.55,299.8,0,,0,,0,0,1,10
92,93858661,Ahmadu Bello Way,trunk,2,50,yes,paved,yes,2245287731,6.4415982,3.4020608,31701839,6.4416481,3.4019643,6.44162315,3.4020125500000002,12.02,297.5,0,,0,,0,0,2,10
93,93858661,Ahmadu Bello Way,trunk,2,50,yes,paved,yes,31701839,6.4416481,3.4019643,1472172487,6.4416661,3.4019298,6.4416571000000005,3.40194705,4.31,297.7,0,,0,,0,0,3,10
94,93858661,Ahmadu Bello Way,trunk,2,50,yes,paved,yes,1472172487,6.4416661,3.4019298,2245287714,6.4416975,3.4018725,6.4416818,3.40190115,7.23,298.9,0,,0,,0,0,4,10
95,93858661,Ahmadu Bello Way,trunk,2,50,yes,paved,yes,2245287714,6.4416975,3.4018725,1090910160,6.4417228,3.4018175,6.4417101500000005,3.401845,6.7,294.8,0,,0,,0,0,5,10
96,93858661,Ahmadu Bello Way,trunk,2,50,yes,paved,yes,1090910160,6.4417228,3.4018175,2245287638,6.4417522,3.4017508,6.4417375,3.40178415,8.06,293.9,0,,0,,0,0,6,10
97,93858661,Ahmadu Bello Way,trunk,2,50,yes,paved,yes,2245287638,6.4417522,3.4017508,2245287646,6.4417738,3.4017025,6.441763,3.4017266499999996,5.85,294.2,0,,0,,0,0,7,10
98,93858661,Ahmadu Bello Way,trunk,2,50,yes,paved,yes,2245287646,6.4417738,3.4017025,1472172494,6.4418108,3.4016258,6.4417922999999995,3.40166415,9.42,295.9,0,,0,,0,0,8,10
99,93858661,Ahmadu Bello Way,trunk,2,50,yes,paved,yes,1472172494,6.4418108,3.4016258,1090910120,6.4418215,3.4016016,6.441816149999999,3.4016137,2.93,294.0,0,,0,,0,1,9,10
100,133755470,Ahmadu Bello Way,trunk,2,50,yes,paved,yes,1472172473,6.4435004,3.399004,2245287684,6.4433781,3.399136,6.44343925,3.39907,19.94,133.0,0,,0,,1,0,0,13
101,133755470,Ahmadu Bello Way,trunk,2,50,yes,paved,yes,2245287684,6.4433781,3.399136,2245287734,6.4432963,3.3992323,6.4433372,3.39918415,14.0,130.5,0,,0,,0,0,1,13
102,133755470,Ahmadu Bello Way,trunk,2,50,yes,paved,yes,2245287734,6.4432963,3.3992323,2245287649,6.443082,3.3995091,6.44318915,3.3993707,38.77,127.9,0,,0,,0,0,2,13
103,133755470,Ahmadu Bello Way,trunk,2,50,yes,paved,yes,2245287649,6.443082,3.3995091,2245287631,6.4429322,3.3996807,6.443007100000001,3.3995949000000003,25.24,131.3,0,,0,,0,0,3,13
104,133755470,Ahmadu Bello Way,trunk,2,50,yes,paved,yes,2245287631,6.4429322,3.3996807,1090910148,6.4427527,3.3998622,6.4428424500000006,3.3997714500000003,28.29,134.9,0,,0,,0,0,4,13
105,133755470,Ahmadu Bello Way,trunk,2,50,yes,paved,yes,1090910148,6.4427527,3.3998622,35722423,6.4425212,3.4000894,6.44263695,3.3999758,35.96,135.7,0,,0,,0,0,5,13
106,133755470,Ahmadu Bello Way,trunk,2,50,yes,paved,yes,35722423,6.4425212,3.4000894,1472172463,6.4422967,3.4002988,6.44240895,3.4001941,34.04,137.2,0,,0,,0,0,6,13
107,133755470,Ahmadu Bello Way,trunk,2,50,yes,paved,yes,1472172463,6.4422967,3.4002988,31674780,6.4421234,3.4004791,6.44221005,3.40038895,27.72,134.0,0,,0,,0,0,7,13
108,133755470,Ahmadu Bello Way,trunk,2,50,yes,paved,yes,31674780,6.4421234,3.4004791,2245287614,6.4419507,3.400678,6.44203705,3.40057855,29.18,131.1,0,,0,,0,0,8,13
109,133755470,Ahmadu Bello Way,trunk,2,50,yes,paved,yes,2245287614,6.4419507,3.400678,2245287727,6.4418086,3.4008582,6.44187965,3.4007681,25.42,128.4,0,,0,,0,0,9,13
110,133755470,Ahmadu Bello Way,trunk,2,50,yes,paved,yes,2245287727,6.4418086,3.4008582,1472172476,6.4416896,3.4010521,6.4417491,3.4009551499999997,25.18,121.7,0,,0,,0,0,10,13
111,133755470,Ahmadu Bello Way,trunk,2,50,yes,paved,yes,1472172476,6.4416896,3.4010521,2245287712,6.4415864,3.4012583,6.441638,3.4011552,25.51,116.7,0,,0,,0,0,11,13
112,133755470,Ahmadu Bello Way,trunk,2,50,yes,paved,yes,2245287712,6.4415864,3.4012583,1472172469,6.4414862,3.4014842,6.4415363,3.40137125,27.33,114.1,0,,0,,0,1,12,13
113,133790489,Ahmadu Bello Way,trunk,2,50,yes,asphalt,yes,31674744,6.4346389,3.4086674,31674751,6.434284,3.4087256,6.434461450000001,3.4086965,39.98,170.7,0,,0,,1,0,0,62
114,133790489,Ahmadu Bello Way,trunk,2,50,yes,asphalt,yes,31674751,6.434284,3.4087256,31674726,6.4338056,3.4087752,6.434044800000001,3.4087503999999997,53.48,174.1,0,,0,,0,0,1,62
115,133790489,Ahmadu Bello Way,trunk,2,50,yes,asphalt,yes,31674726,6.4338056,3.4087752,1480437275,6.4332992,3.4087986,6.4335524,3.4087869,56.37,177.4,0,,0,,0,0,2,62
116,133790489,Ahmadu Bello Way,trunk,2,50,yes,asphalt,yes,1480437275,6.4332992,3.4087986,31674721,6.4322024,3.4088127,6.432750800000001,3.4088056499999997,121.97,179.3,0,,0,,0,0,3,62
117,133790489,Ahmadu Bello Way,trunk,2,50,yes,asphalt,yes,31674721,6.4322024,3.4088127,7739228541,6.4318458,3.4088083,6.4320241,3.4088105,39.66,180.7,0,,0,,0,0,4,62
118,133790489,Ahmadu Bello Way,trunk,2,50,yes,asphalt,yes,7739228541,6.4318458,3.4088083,7739228544,6.4314999,3.408804,6.43167285,3.40880615,38.47,180.7,0,,0,,0,0,5,62
119,133790489,Ahmadu Bello Way,trunk,2,50,yes,asphalt,yes,7739228544,6.4314999,3.408804,1480437301,6.4311256,3.4087993,6.43131275,3.40880165,41.62,180.7,0,,0,,0,0,6,62
120,133790489,Ahmadu Bello Way,trunk,2,50,yes,asphalt,yes,1480437301,6.4311256,3.4087993,1480437237,6.4310476,3.4087993,6.4310866,3.4087993,8.67,180.0,0,,0,,0,0,7,62
121,133790489,Ahmadu Bello Way,trunk,2,50,yes,asphalt,yes,1480437237,6.4310476,3.4087993,5622523776,6.430015,3.4087987,6.4305313,3.408799,114.82,180.0,0,,1,1480437222,0,0,8,62
122,133790489,Ahmadu Bello Way,trunk,2,50,yes,asphalt,yes,5622523776,6.430015,3.4087987,5902583248,6.4299162,3.4087993,6.4299656,3.408799,10.99,179.7,1,1480437222,1,1480437222,0,0,9,62
123,133790489,Ahmadu Bello Way,trunk,2,50,yes,asphalt,yes,5902583248,6.4299162,3.4087993,35722425,6.4293078,3.4087993,6.4296120000000005,3.4087993,67.65,180.0,1,1480437222,0,,0,0,10,62
124,133790489,Ahmadu Bello Way,trunk,2,50,yes,asphalt,yes,35722425,6.4293078,3.4087993,35722426,6.4286722,3.4088288,6.428990000000001,3.40881405,70.75,177.4,0,,0,,0,0,11,62
125,133790489,Ahmadu Bello Way,trunk,2,50,yes,asphalt,yes,35722426,6.4286722,3.4088288,35722427,6.4281983,3.4088624,6.42843525,3.4088456000000003,52.83,176.0,0,,0,,0,0,12,62
126,133790489,Ahmadu Bello Way,trunk,2,50,yes,asphalt,yes,35722427,6.4281983,3.4088624,1598718022,6.4278859,3.4089012,6.4280421,3.4088817999999996,35.0,173.0,0,,0,,0,0,13,62
127,133790489,Ahmadu Bello Way,trunk,2,50,yes,asphalt,yes,1598718022,6.4278859,3.4089012,35722428,6.4276244,3.4089442,6.427755149999999,3.4089226999999998,29.46,170.7,0,,0,,0,0,14,62
128,133790489,Ahmadu Bello Way,trunk,2,50,yes,asphalt,yes,35722428,6.4276244,3.4089442,7917057646,6.427355,3.4089953,6.427489700000001,3.40896975,30.48,169.3,0,,0,,0,0,15,62
129,133790489,Ahmadu Bello Way,trunk,2,50,yes,asphalt,yes,7917057646,6.427355,3.4089953,35722429,6.4271716,3.40903,6.4272633,3.40901265,20.75,169.4,0,,0,,0,0,16,62
130,133790489,Ahmadu Bello Way,trunk,2,50,yes,asphalt,yes,35722429,6.4271716,3.40903,9532066831,6.42709,3.4090492,6.4271308000000005,3.4090396,9.32,166.8,0,,0,,0,0,17,62
131,133790489,Ahmadu Bello Way,trunk,2,50,yes,asphalt,yes,9532066831,6.42709,3.4090492,35722430,6.4267851,3.4091212,6.42693755,3.4090852,34.82,166.8,0,,0,,0,0,18,62
132,133790489,Ahmadu Bello Way,trunk,2,50,yes,asphalt,yes,35722430,6.4267851,3.4091212,9532066821,6.426652,3.4091571,6.42671855,3.4091391499999997,15.32,165.0,0,,0,,0,0,19,62
133,133790489,Ahmadu Bello Way,trunk,2,50,yes,asphalt,yes,9532066821,6.426652,3.4091571,7917057644,6.4265349,3.4091886,6.42659345,3.40917285,13.48,165.0,0,,0,,0,0,20,62
134,133790489,Ahmadu Bello Way,trunk,2,50,yes,asphalt,yes,7917057644,6.4265349,3.4091886,35722431,6.4260629,3.4093159,6.4262989,3.4092522499999998,54.34,165.0,0,,0,,0,0,21,62
135,133790489,Ahmadu Bello Way,trunk,2,50,yes,asphalt,yes,35722431,6.4260629,3.4093159,7917057639,6.4254643,3.4095281,6.4257636,3.409422,70.57,160.6,0,,0,,0,0,22,62
136,133790489,Ahmadu Bello Way,trunk,2,50,yes,asphalt,yes,7917057639,6.4254643,3.4095281,35722432,6.4254014,3.4095504,6.42543285,3.40953925,7.42,160.6,0,,0,,0,0,23,62
137,133790489,Ahmadu Bello Way,trunk,2,50,yes,asphalt,yes,35722432,6.4254014,3.4095504,5622523782,6.4251645,3.4096416,6.42528295,3.409596,28.2,159.1,0,,0,,0,0,24,62
138,133790489,Ahmadu Bello Way,trunk,2,50,yes,asphalt,yes,5622523782,6.4251645,3.4096416,35722433,6.4246737,3.4098337,6.4249191,3.4097376500000003,58.56,158.7,0,,0,,0,0,25,62
139,133790489,Ahmadu Bello Way,trunk,2,50,yes,asphalt,yes,35722433,6.4246737,3.4098337,35722434,6.424149,3.4101015,6.42441135,3.4099676,65.42,153.1,0,,0,,0,0,26,62
140,133790489,Ahmadu Bello Way,trunk,2,50,yes,asphalt,yes,35722434,6.424149,3.4101015,5588419189,6.4238851,3.410248,6.42401705,3.4101747500000004,33.51,151.1,0,,0,,0,0,27,62
141,133790489,Ahmadu Bello Way,trunk,2,50,yes,asphalt,yes,5588419189,6.4238851,3.410248,5588108889,6.4237759,3.4103121,6.423830499999999,3.41028005,14.06,149.7,0,,0,,0,0,28,62
142,133790489,Ahmadu Bello Way,trunk,2,50,yes,asphalt,yes,5588108889,6.4237759,3.4103121,5588108893,6.4234214,3.4105481,6.42359865,3.4104301,47.26,146.5,0,,0,,0,0,29,62
143,133790489,Ahmadu Bello Way,trunk,2,50,yes,asphalt,yes,5588108893,6.4234214,3.4105481,4707949584,6.4232215,3.4107117,6.4233214499999995,3.4106299,28.65,140.9,0,,0,,0,0,30,62
144,133790489,Ahmadu Bello Way,trunk,2,50,yes,asphalt,yes,4707949584,6.4232215,3.4107117,35722435,6.4230069,3.4108995,6.4231142000000006,3.4108055999999998,31.62,139.0,0,,0,,0,0,31,62
145,133790489,Ahmadu Bello Way,trunk,2,50,yes,asphalt,yes,35722435,6.4230069,3.4108995,5588108888,6.4227551,3.4111637,6.422881,3.4110316000000003,40.45,133.8,0,,0,,0,0,32,62
146,133790489,Ahmadu Bello Way,trunk,2,50,yes,asphalt,yes,5588108888,6.4227551,3.4111637,1652204774,6.4225152,3.411448,6.42263515,3.4113058499999998,41.21,130.3,0,,0,,0,0,33,62
147,133790489,Ahmadu Bello Way,trunk,2,50,yes,asphalt,yes,1652204774,6.4225152,3.411448,13240035644,6.4224694,3.4115097,6.4224923,3.41147885,8.51,126.8,0,,0,,0,0,34,62
148,133790489,Ahmadu Bello Way,trunk,2,50,yes,asphalt,yes,13240035644,6.4224694,3.4115097,31674717,6.4223986,3.4116052,6.422434,3.41155745,13.17,126.7,0,,0,,0,0,35,62
149,133790489,Ahmadu Bello Way,trunk,2,50,yes,asphalt,yes,31674717,6.4223986,3.4116052,31768446,6.422248,3.411832,6.4223233,3.4117186,30.14,123.8,0,,0,,0,0,36,62
150,133790489,Ahmadu Bello Way,trunk,2,50,yes,asphalt,yes,31768446,6.422248,3.411832,31768449,6.4221314,3.4120233,6.4221897,3.41192765,24.8,121.5,0,,0,,0,0,37,62
151,133790489,Ahmadu Bello Way,trunk,2,50,yes,asphalt,yes,31768449,6.4221314,3.4120233,31768452,6.4220571,3.4121935,6.42209425,3.4121084,20.54,113.7,0,,0,,0,0,38,62
152,133790489,Ahmadu Bello Way,trunk,2,50,yes,asphalt,yes,31768452,6.4220571,3.4121935,6959043879,6.422027,3.41227,6.42204205,3.41223175,9.09,111.6,0,,0,,0,0,39,62
153,133790489,Ahmadu Bello Way,trunk,2,50,yes,asphalt,yes,6959043879,6.422027,3.41227,31768459,6.4220112,3.4123846,6.4220191,3.4123273000000003,12.78,97.9,0,,0,,0,0,40,62
154,133790489,Ahmadu Bello Way,trunk,2,50,yes,asphalt,yes,31768459,6.4220112,3.4123846,10170603386,6.4220078,3.412447,6.4220095,3.4124157999999998,6.91,93.1,0,,0,,0,0,41,62
155,133790489,Ahmadu Bello Way,trunk,2,50,yes,asphalt,yes,10170603386,6.4220078,3.412447,5588657960,6.4220062,3.4124769,6.422007000000001,3.41246195,3.31,93.1,0,,0,,0,0,42,62
156,133790489,Ahmadu Bello Way,trunk,2,50,yes,asphalt,yes,5588657960,6.4220062,3.4124769,31768464,6.4220039,3.4125182,6.42200505,3.4124975500000003,4.57,93.2,0,,0,,0,0,43,62
157,133790489,Ahmadu Bello Way,trunk,2,50,yes,asphalt,yes,31768464,6.4220039,3.4125182,31768608,6.4220067,3.4126427,6.4220053,3.41258045,13.76,88.7,0,,0,,0,0,44,62
158,133790489,Ahmadu Bello Way,trunk,2,50,yes,asphalt,yes,31768608,6.4220067,3.4126427,31768605,6.4220221,3.412773,6.4220144,3.4127078500000003,14.5,83.2,0,,0,,0,0,45,62
159,133790489,Ahmadu Bello Way,trunk,2,50,yes,asphalt,yes,31768605,6.4220221,3.412773,31768602,6.4220407,3.4129769,6.4220314,3.41287495,22.63,84.8,0,,0,,0,0,46,62
160,133790489,Ahmadu Bello Way,trunk,2,50,yes,asphalt,yes,31768602,6.4220407,3.4129769,36240972,6.4221003,3.4134295,6.4220705,3.4132032,50.45,82.5,0,,0,,0,0,47,62
161,133790489,Ahmadu Bello Way,trunk,2,50,yes,asphalt,yes,36240972,6.4221003,3.4134295,4019886799,6.4221194,3.4136037,6.42210985,3.4135166,19.37,83.7,0,,0,,0,0,48,62
162,133790489,Ahmadu Bello Way,trunk,2,50,yes,asphalt,yes,4019886799,6.4221194,3.4136037,31768613,6.4222486,3.4147994,6.422184,3.41420155,132.9,83.8,0,,0,,0,0,49,62
163,133790489,Ahmadu Bello Way,trunk,2,50,yes,asphalt,yes,31768613,6.4222486,3.4147994,31768617,6.4222846,3.4152903,6.4222666,3.41504485,54.39,85.8,0,,0,,0,0,50,62
164,133790489,Ahmadu Bello Way,trunk,2,50,yes,asphalt,yes,31768617,6.4222846,3.4152903,5588108887,6.4223166,3.4159648,6.4223006,3.41562755,74.62,87.3,0,,0,,0,0,51,62
165,133790489,Ahmadu Bello Way,trunk,2,50,yes,asphalt,yes,5588108887,6.4223166,3.4159648,35722436,6.4223749,3.4174198,6.42234575,3.4166923,160.9,87.7,0,,0,,0,0,52,62
166,133790489,Ahmadu Bello Way,trunk,2,50,yes,asphalt,yes,35722436,6.4223749,3.4174198,4707949582,6.4223979,3.4178974,6.422386400000001,3.4176586,52.84,87.2,0,,0,,0,0,53,62
167,133790489,Ahmadu Bello Way,trunk,2,50,yes,asphalt,yes,4707949582,6.4223979,3.4178974,4707949583,6.422451,3.4189535,6.422424449999999,3.41842545,116.85,87.1,0,,0,,0,0,54,62
168,133790489,Ahmadu Bello Way,trunk,2,50,yes,asphalt,yes,4707949583,6.422451,3.4189535,13057419867,6.4224619,3.4192597,6.42245645,3.4191066,33.86,87.9,0,,0,,0,0,55,62
169,133790489,Ahmadu Bello Way,trunk,2,50,yes,asphalt,yes,13057419867,6.4224619,3.4192597,35722437,6.4224844,3.419896,6.42247315,3.41957785,70.35,88.0,0,,0,,0,0,56,62
170,133790489,Ahmadu Bello Way,trunk,2,50,yes,asphalt,yes,35722437,6.4224844,3.419896,4707949581,6.4225472,3.421686,6.4225158,3.420791,197.91,88.0,0,,0,,0,0,57,62
171,133790489,Ahmadu Bello Way,trunk,2,50,yes,asphalt,yes,4707949581,6.4225472,3.421686,4707949580,6.4226338,3.4233101,6.4225905,3.4224980499999997,179.72,86.9,0,,0,,0,0,58,62
172,133790489,Ahmadu Bello Way,trunk,2,50,yes,asphalt,yes,4707949580,6.4226338,3.4233101,5588108886,6.4226404,3.4237446,6.422637099999999,3.42352735,48.02,89.1,0,,1,31674712,0,0,59,62
173,133790489,Ahmadu Bello Way,trunk,2,50,yes,asphalt,yes,5588108886,6.4226404,3.4237446,95637019,6.4226458,3.4239089,6.4226431,3.42382675,18.16,88.1,1,31674712,1,31674712,0,0,60,62
174,133790489,Ahmadu Bello Way,trunk,2,50,yes,asphalt,yes,95637019,6.4226458,3.4239089,31674712,6.4226451,3.4240005,6.42264545,3.4239547,10.12,90.4,1,31674712,1,31674712,0,1,61,62
175,133790491,Ahmadu Bello Way,trunk,2,50,yes,asphalt,yes,1472506608,6.4358232,3.4084922,31674763,6.4362923,3.4083273,6.43605775,3.4084097499999997,55.25,340.7,0,,0,,1,0,0,8
176,133790491,Ahmadu Bello Way,trunk,2,50,yes,asphalt,yes,31674763,6.4362923,3.4083273,5588599659,6.4366068,3.4082052,6.43644955,3.4082662499999996,37.48,338.9,0,,0,,0,0,1,8
177,133790491,Ahmadu Bello Way,trunk,2,50,yes,asphalt,yes,5588599659,6.4366068,3.4082052,55130805,6.436948,3.4080389,6.4367774,3.4081220500000002,42.16,334.2,0,,0,,0,0,2,8
178,133790491,Ahmadu Bello Way,trunk,2,50,yes,asphalt,yes,55130805,6.436948,3.4080389,31674757,6.437477,3.4077264,6.4372125,3.4078826500000003,68.21,329.6,0,,0,,0,0,3,8
179,133790491,Ahmadu Bello Way,trunk,2,50,yes,asphalt,yes,31674757,6.437477,3.4077264,5588599660,6.4377382,3.4075373,6.4376076,3.40763185,35.78,324.3,0,,0,,0,0,4,8
180,133790491,Ahmadu Bello Way,trunk,2,50,yes,asphalt,yes,5588599660,6.4377382,3.4075373,1472506553,6.4379155,3.4073791,6.43782685,3.4074581999999998,26.35,318.4,0,,0,,0,0,5,8
181,133790491,Ahmadu Bello Way,trunk,2,50,yes,asphalt,yes,1472506553,6.4379155,3.4073791,31674769,6.4380385,3.4072437,6.437977,3.4073114,20.27,312.4,0,,0,,0,0,6,8
182,133790491,Ahmadu Bello Way,trunk,2,50,yes,asphalt,yes,31674769,6.4380385,3.4072437,5588599658,6.438218,3.4070371,6.43812825,3.4071404000000003,30.32,311.2,0,,0,,0,1,7,8
183,133790492,Ahmadu Bello Way,trunk,2,50,yes,asphalt,yes,31674733,6.4346453,3.4087734,31674739,6.4352829,3.4086404,6.4349641,3.4087069,72.4,348.3,0,,0,,1,0,0,3
184,133790492,Ahmadu Bello Way,trunk,2,50,yes,asphalt,yes,31674739,6.4352829,3.4086404,5588599656,6.435566,3.408566,6.435424449999999,3.4086032,32.54,345.4,0,,0,,0,0,1,3
185,133790492,Ahmadu Bello Way,trunk,2,50,yes,asphalt,yes,5588599656,6.435566,3.408566,1472506608,6.4358232,3.4084922,6.4356946,3.4085291,29.74,344.1,0,,0,,0,1,2,3
186,133790498,Ahmadu Bello Way,trunk,2,50,yes,asphalt,yes,168577454,6.4227308,3.4239971,168581819,6.422731,3.4239055,6.4227308999999995,3.4239512999999997,10.12,270.1,1,31674712,1,31674712,1,0,0,14
187,133790498,Ahmadu Bello Way,trunk,2,50,yes,asphalt,yes,168581819,6.422731,3.4239055,164470161,6.422708,3.4233695,6.4227194999999995,3.4236375,59.28,267.5,1,31674712,0,,0,0,1,14
188,133790498,Ahmadu Bello Way,trunk,2,50,yes,asphalt,yes,164470161,6.422708,3.4233695,5588108882,6.4226418,3.421977,6.4226749000000005,3.42267325,154.04,267.3,0,,0,,0,0,2,14
189,133790498,Ahmadu Bello Way,trunk,2,50,yes,asphalt,yes,5588108882,6.4226418,3.421977,12634845245,6.4225882,3.4207285,6.422615,3.42135275,138.08,267.5,0,,0,,0,0,3,14
190,133790498,Ahmadu Bello Way,trunk,2,50,yes,asphalt,yes,12634845245,6.4225882,3.4207285,168579736,6.4225854,3.4206506,6.4225867999999995,3.42068955,8.61,267.9,0,,0,,0,0,4,14
191,133790498,Ahmadu Bello Way,trunk,2,50,yes,asphalt,yes,168579736,6.4225854,3.4206506,12634883333,6.4225737,3.4203127,6.42257955,3.42048165,37.36,268.0,0,,0,,0,0,5,14
192,133790498,Ahmadu Bello Way,trunk,2,50,yes,asphalt,yes,12634883333,6.4225737,3.4203127,6819802983,6.422551,3.4196582,6.42256235,3.4199854500000004,72.36,268.0,0,,0,,0,0,6,14
193,133790498,Ahmadu Bello Way,trunk,2,50,yes,asphalt,yes,6819802983,6.422551,3.4196582,6819841994,6.4225366,3.4192437,6.4225438,3.41945095,45.83,268.0,0,,0,,0,0,7,14
194,133790498,Ahmadu Bello Way,trunk,2,50,yes,asphalt,yes,6819841994,6.4225366,3.4192437,168574598,6.4225342,3.4191752,6.4225354,3.4192094500000003,7.57,268.0,0,,0,,0,0,8,14
195,133790498,Ahmadu Bello Way,trunk,2,50,yes,asphalt,yes,168574598,6.4225342,3.4191752,1598717904,6.4224895,3.417896,6.42251185,3.4185356000000002,141.44,268.0,0,,0,,0,0,9,14
196,133790498,Ahmadu Bello Way,trunk,2,50,yes,asphalt,yes,1598717904,6.4224895,3.417896,168581101,6.4224774,3.4177039,6.42248345,3.41779995,21.27,266.4,0,,0,,0,0,10,14
197,133790498,Ahmadu Bello Way,trunk,2,50,yes,asphalt,yes,168581101,6.4224774,3.4177039,164466901,6.4223954,3.4155587,6.4224364000000005,3.4166312999999997,237.21,267.8,0,,0,,0,0,11,14
198,133790498,Ahmadu Bello Way,trunk,2,50,yes,asphalt,yes,164466901,6.4223954,3.4155587,164482990,6.4223407,3.4148082,6.42236805,3.41518345,83.15,265.8,0,,0,,0,0,12,14
199,133790498,Ahmadu Bello Way,trunk,2,50,yes,asphalt,yes,164482990,6.4223407,3.4148082,168574117,6.4222031,3.4135872,6.4222719,3.4141977,135.78,263.5,0,,0,,0,1,13,14
200,133790499,Ahmadu Bello Way,trunk,2,50,yes,asphalt,yes,5588599658,6.438218,3.4070371,31674771,6.4390005,3.4059204,6.43860925,3.4064787499999998,150.98,305.2,0,,0,,1,0,0,3
201,133790499,Ahmadu Bello Way,trunk,2,50,yes,asphalt,yes,31674771,6.4390005,3.4059204,4155392913,6.4398847,3.4046131,6.4394426,3.40526675,174.73,304.2,0,,0,,0,0,1,3
202,133790499,Ahmadu Bello Way,trunk,2,50,yes,asphalt,yes,4155392913,6.4398847,3.4046131,1090910163,6.4402163,3.4041342,6.4400505,3.40437365,64.49,304.9,0,,0,,0,1,2,3
203,133790500,Ahmadu Bello Way,trunk,2,50,yes,paved,yes,1472506636,6.4357899,3.4084016,55130810,6.4352602,3.4085382,6.43552505,3.4084699,60.8,165.6,0,,0,,1,0,0,2
204,133790500,Ahmadu Bello Way,trunk,2,50,yes,paved,yes,55130810,6.4352602,3.4085382,31674744,6.4346389,3.4086674,6.434949550000001,3.4086028,70.54,168.3,0,,0,,0,1,1,2
205,133790502,Ahmadu Bello Way,trunk,2,50,yes,asphalt,yes,31674712,6.4226451,3.4240005,4707949579,6.4226724,3.4249449,6.42265875,3.4244727,104.4,88.3,1,31674712,0,,1,0,0,5
206,133790502,Ahmadu Bello Way,trunk,2,50,yes,asphalt,yes,4707949579,6.4226724,3.4249449,5588108885,6.4226631,3.4251474,6.4226677500000005,3.42504615,22.4,92.6,0,,0,,0,0,1,5
207,133790502,Ahmadu Bello Way,trunk,2,50,yes,asphalt,yes,5588108885,6.4226631,3.4251474,5588108884,6.4226372,3.425884,6.42265015,3.4255157,81.44,92.0,0,,0,,0,0,2,5
208,133790502,Ahmadu Bello Way,trunk,2,50,yes,asphalt,yes,5588108884,6.4226372,3.425884,13302693632,6.4225802,3.4273017,6.4226087,3.42659285,156.78,92.3,0,,0,,0,0,3,5
209,133790502,Ahmadu Bello Way,trunk,2,50,yes,asphalt,yes,13302693632,6.4225802,3.4273017,31674715,6.4226093,3.427447,6.42259475,3.42737435,16.38,78.6,0,,0,,0,1,4,5
210,133790503,Ahmadu Bello Way,trunk,2,50,yes,asphalt,yes,5588599657,6.4381727,3.4069392,31674765,6.438041,3.4070949,6.4381068500000005,3.4070170500000003,22.59,130.4,0,,0,,1,0,0,8
211,133790503,Ahmadu Bello Way,trunk,2,50,yes,asphalt,yes,31674765,6.438041,3.4070949,1472506552,6.4378194,3.4073352,6.4379302,3.40721505,36.22,132.9,0,,0,,0,0,1,8
212,133790503,Ahmadu Bello Way,trunk,2,50,yes,asphalt,yes,1472506552,6.4378194,3.4073352,1472506650,6.4375777,3.4075374,6.43769855,3.4074362999999996,34.95,140.3,0,,0,,0,0,2,8
213,133790503,Ahmadu Bello Way,trunk,2,50,yes,asphalt,yes,1472506650,6.4375777,3.4075374,55130798,6.4373261,3.4077177,6.4374519,3.40762755,34.35,144.5,0,,0,,0,0,3,8
214,133790503,Ahmadu Bello Way,trunk,2,50,yes,asphalt,yes,55130798,6.4373261,3.4077177,1472506629,6.4370318,3.4078861,6.43717895,3.4078019,37.64,150.4,0,,0,,0,0,4,8
215,133790503,Ahmadu Bello Way,trunk,2,50,yes,asphalt,yes,1472506629,6.4370318,3.4078861,55130802,6.4366595,3.4080666,6.43684565,3.40797635,45.95,154.3,0,,0,,0,0,5,8
216,133790503,Ahmadu Bello Way,trunk,2,50,yes,asphalt,yes,55130802,6.4366595,3.4080666,31674764,6.4362602,3.4082302,6.43645985,3.4081484,47.94,157.8,0,,0,,0,0,6,8
217,133790503,Ahmadu Bello Way,trunk,2,50,yes,asphalt,yes,31674764,6.4362602,3.4082302,1472506636,6.4357899,3.4084016,6.43602505,3.4083159,55.62,160.1,0,,0,,0,1,7,8
218,134684101,Adeola Odeku Street,secondary,2,50,yes,paving_stones,yes,5902583248,6.4299162,3.4087993,1480437277,6.4299169,3.4089006,6.42991655,3.40884995,11.19,89.6,1,1480437222,1,1480437222,1,0,0,50
219,134684101,Adeola Odeku Street,secondary,2,50,yes,paving_stones,yes,1480437277,6.4299169,3.4089006,10603251481,6.4299169,3.40915,6.4299169,3.4090252999999997,27.56,90.0,1,1480437222,1,1480437222,0,0,1,50
220,134684101,Adeola Odeku Street,secondary,2,50,yes,paving_stones,yes,10603251481,6.4299169,3.40915,1480437199,6.4299202,3.4097522,6.42991855,3.4094511,66.54,89.7,1,1480437222,0,,0,0,2,50
221,134684101,Adeola Odeku Street,secondary,2,50,yes,paving_stones,yes,1480437199,6.4299202,3.4097522,7736517658,6.4299212,3.4097963,6.4299207,3.40977425,4.87,88.7,0,,0,,0,0,3,50
222,134684101,Adeola Odeku Street,secondary,2,50,yes,paving_stones,yes,7736517658,6.4299212,3.4097963,1480437289,6.4299249,3.409958,6.429923049999999,3.40987715,17.87,88.7,0,,0,,0,0,4,50
223,134684101,Adeola Odeku Street,secondary,2,50,yes,paving_stones,yes,1480437289,6.4299249,3.409958,7736517661,6.429928,3.410037,6.42992645,3.4099975000000002,8.74,87.7,0,,0,,0,0,5,50
224,134684101,Adeola Odeku Street,secondary,2,50,yes,paving_stones,yes,7736517661,6.429928,3.410037,11633851458,6.4299305,3.4100988,6.429929250000001,3.4100679,6.83,87.7,0,,0,,0,0,6,50
225,134684101,Adeola Odeku Street,secondary,2,50,yes,paving_stones,yes,11633851458,6.4299305,3.4100988,5582731533,6.4299342,3.4101914,6.42993235,3.4101451000000003,10.24,87.7,0,,0,,0,0,7,50
226,134684101,Adeola Odeku Street,secondary,2,50,yes,paving_stones,yes,5582731533,6.4299342,3.4101914,1480437212,6.4299502,3.4103818,6.4299422,3.4102866,21.11,85.2,0,,0,,0,0,8,50
227,134684101,Adeola Odeku Street,secondary,2,50,yes,paving_stones,yes,1480437212,6.4299502,3.4103818,1480437264,6.4299768,3.4105977,6.4299635,3.41048975,24.04,82.9,0,,0,,0,0,9,50
228,134684101,Adeola Odeku Street,secondary,2,50,yes,paving_stones,yes,1480437264,6.4299768,3.4105977,5582731534,6.4300221,3.410807,6.42999945,3.41070235,23.67,77.7,0,,0,,0,0,10,50
229,134684101,Adeola Odeku Street,secondary,2,50,yes,paving_stones,yes,5582731534,6.4300221,3.410807,5673266186,6.4300798,3.4110244,6.43005095,3.4109157000000003,24.86,75.0,0,,0,,0,0,11,50
230,134684101,Adeola Odeku Street,secondary,2,50,yes,paving_stones,yes,5673266186,6.4300798,3.4110244,5246332225,6.4301603,3.4112719,6.430120049999999,3.41114815,28.78,71.9,0,,0,,0,0,12,50
231,134684101,Adeola Odeku Street,secondary,2,50,yes,paving_stones,yes,5246332225,6.4301603,3.4112719,1480437223,6.4302802,3.4115951,6.43022025,3.4114335000000002,38.12,69.5,0,,0,,0,0,13,50
232,134684101,Adeola Odeku Street,secondary,2,50,yes,paving_stones,yes,1480437223,6.4302802,3.4115951,5246332227,6.4304311,3.4120186,6.43035565,3.41180685,49.71,70.3,0,,0,,0,0,14,50
233,134684101,Adeola Odeku Street,secondary,2,50,yes,paving_stones,yes,5246332227,6.4304311,3.4120186,2339926121,6.4305173,3.4123316,6.4304742,3.4121751,35.89,74.5,0,,0,,0,0,15,50
234,134684101,Adeola Odeku Street,secondary,2,50,yes,paving_stones,yes,2339926121,6.4305173,3.4123316,5246332228,6.4305632,3.4125598,6.43054025,3.4124457,25.73,78.6,0,,0,,0,0,16,50
235,134684101,Adeola Odeku Street,secondary,2,50,yes,paving_stones,yes,5246332228,6.4305632,3.4125598,5246332230,6.4305864,3.4127792,6.4305748000000005,3.4126695,24.38,83.9,0,,0,,0,0,17,50
236,134684101,Adeola Odeku Street,secondary,2,50,yes,paving_stones,yes,5246332230,6.4305864,3.4127792,2339926125,6.4306172,3.4133171,6.4306018,3.41304815,59.53,86.7,0,,0,,0,0,18,50
237,134684101,Adeola Odeku Street,secondary,2,50,yes,paving_stones,yes,2339926125,6.4306172,3.4133171,12974389319,6.4306174,3.4134543,6.4306173,3.4133857,15.16,89.9,0,,0,,0,0,19,50
238,134684101,Adeola Odeku Street,secondary,2,50,yes,paving_stones,yes,12974389319,6.4306174,3.4134543,6811954043,6.4306183,3.4140873,6.43061785,3.4137708,69.94,89.9,0,,0,,0,0,20,50
239,134684101,Adeola Odeku Street,secondary,2,50,yes,paving_stones,yes,6811954043,6.4306183,3.4140873,9515634412,6.4306196,3.4150904,6.4306189499999995,3.41458885,110.84,89.9,0,,0,,0,0,21,50
240,134684101,Adeola Odeku Street,secondary,2,50,yes,paving_stones,yes,9515634412,6.4306196,3.4150904,6811954038,6.4306197,3.4151468,6.430619650000001,3.4151186,6.23,89.9,0,,0,,0,0,22,50
241,134684101,Adeola Odeku Street,secondary,2,50,yes,paving_stones,yes,6811954038,6.4306197,3.4151468,2339926123,6.4306198,3.4151937,6.43061975,3.41517025,5.18,89.9,0,,0,,0,0,23,50
242,134684101,Adeola Odeku Street,secondary,2,50,yes,paving_stones,yes,2339926123,6.4306198,3.4151937,5246332235,6.4306176,3.4157696,6.4306187,3.4154816500000003,63.63,90.2,0,,0,,0,0,24,50
243,134684101,Adeola Odeku Street,secondary,2,50,yes,paving_stones,yes,5246332235,6.4306176,3.4157696,5246332232,6.4306085,3.4161298,6.43061305,3.4159497,39.81,91.5,0,,0,,0,0,25,50
244,134684101,Adeola Odeku Street,secondary,2,50,yes,paving_stones,yes,5246332232,6.4306085,3.4161298,2389029051,6.4305912,3.4164825,6.43059985,3.41630615,39.02,92.8,0,,0,,0,0,26,50
245,134684101,Adeola Odeku Street,secondary,2,50,yes,paving_stones,yes,2389029051,6.4305912,3.4164825,2339926124,6.4305805,3.4166119,6.43058585,3.4165472,14.35,94.8,0,,0,,0,0,27,50
246,134684101,Adeola Odeku Street,secondary,2,50,yes,paving_stones,yes,2339926124,6.4305805,3.4166119,5582731535,6.4305339,3.4169633,6.4305572,3.4167876,39.17,97.6,0,,0,,0,0,28,50
247,134684101,Adeola Odeku Street,secondary,2,50,yes,paving_stones,yes,5582731535,6.4305339,3.4169633,5582731536,6.4304686,3.4173764,6.430501250000001,3.41716985,46.22,99.0,0,,0,,0,0,29,50
248,134684101,Adeola Odeku Street,secondary,2,50,yes,paving_stones,yes,5582731536,6.4304686,3.4173764,2339926120,6.4304253,3.4176003,6.43044695,3.41748835,25.2,101.0,0,,0,,0,0,30,50
249,134684101,Adeola Odeku Street,secondary,2,50,yes,paving_stones,yes,2339926120,6.4304253,3.4176003,2339926118,6.4301407,3.418688,6.430282999999999,3.41814415,124.28,104.8,0,,0,,0,0,31,50
250,134684101,Adeola Odeku Street,secondary,2,50,yes,paving_stones,yes,2339926118,6.4301407,3.418688,10803390085,6.4300883,3.418896,6.4301145,3.418792,23.71,104.2,0,,0,,0,0,32,50
251,134684101,Adeola Odeku Street,secondary,2,50,yes,paving_stones,yes,10803390085,6.4300883,3.418896,10803390089,6.4300256,3.4191448,6.43005695,3.4190204,28.36,104.2,0,,0,,0,0,33,50
252,134684101,Adeola Odeku Street,secondary,2,50,yes,paving_stones,yes,10803390089,6.4300256,3.4191448,2339926117,6.4300082,3.4192137,6.4300169,3.41917925,7.86,104.3,0,,0,,0,0,34,50
253,134684101,Adeola Odeku Street,secondary,2,50,yes,paving_stones,yes,2339926117,6.4300082,3.4192137,7736583595,6.4299662,3.4193688,6.429987199999999,3.4192912499999997,17.76,105.2,0,,0,,0,0,35,50
254,134684101,Adeola Odeku Street,secondary,2,50,yes,paving_stones,yes,7736583595,6.4299662,3.4193688,2389029049,6.429723,3.4202772,6.4298446,3.419823,103.95,105.1,0,,0,,0,0,36,50
255,134684101,Adeola Odeku Street,secondary,2,50,yes,paving_stones,yes,2389029049,6.429723,3.4202772,5246332239,6.4295887,3.420756,6.42965585,3.4205166,54.97,105.8,0,,0,,0,0,37,50
256,134684101,Adeola Odeku Street,secondary,2,50,yes,paving_stones,yes,5246332239,6.4295887,3.420756,2339926116,6.4294311,3.4213232,6.4295099,3.4210396,65.08,105.6,0,,0,,0,0,38,50
257,134684101,Adeola Odeku Street,secondary,2,50,yes,paving_stones,yes,2339926116,6.4294311,3.4213232,10175300416,6.4293421,3.4216928,6.429386600000001,3.421508,42.02,103.6,0,,0,,0,0,39,50
258,134684101,Adeola Odeku Street,secondary,2,50,yes,paving_stones,yes,10175300416,6.4293421,3.4216928,2339926115,6.4292679,3.4220012,6.429305,3.421847,35.06,103.6,0,,0,,0,0,40,50
259,134684101,Adeola Odeku Street,secondary,2,50,yes,paving_stones,yes,2339926115,6.4292679,3.4220012,5582731537,6.4292352,3.4222077,6.42925155,3.42210445,23.11,99.1,0,,0,,0,0,41,50
260,134684101,Adeola Odeku Street,secondary,2,50,yes,paving_stones,yes,5582731537,6.4292352,3.4222077,7736524239,6.42922,3.4223253,6.4292276,3.4222665,13.1,97.4,0,,0,,0,0,42,50
261,134684101,Adeola Odeku Street,secondary,2,50,yes,paving_stones,yes,7736524239,6.42922,3.4223253,5108265559,6.4292106,3.4223974,6.4292153,3.42236135,8.04,97.5,0,,0,,0,0,43,50
262,134684101,Adeola Odeku Street,secondary,2,50,yes,paving_stones,yes,5108265559,6.4292106,3.4223974,2339926114,6.4291946,3.4225664,6.4292026,3.4224819,18.76,95.4,0,,0,,0,0,44,50
263,134684101,Adeola Odeku Street,secondary,2,50,yes,paving_stones,yes,2339926114,6.4291946,3.4225664,10175309582,6.4291706,3.42276,6.4291826,3.4226631999999997,21.56,97.1,0,,0,,0,0,45,50
264,134684101,Adeola Odeku Street,secondary,2,50,yes,paving_stones,yes,10175309582,6.4291706,3.42276,5902583246,6.4291602,3.4229238,6.4291654000000005,3.4228419,18.14,93.7,0,,0,,0,0,46,50
265,134684101,Adeola Odeku Street,secondary,2,50,yes,paving_stones,yes,5902583246,6.4291602,3.4229238,2339926111,6.4291572,3.4232061,6.4291587,3.4230649499999997,31.19,90.6,0,,0,,0,0,47,50
266,134684101,Adeola Odeku Street,secondary,2,50,yes,paving_stones,yes,2339926111,6.4291572,3.4232061,2339926113,6.4291634,3.4238783,6.4291602999999995,3.4235422,74.28,89.5,0,,1,31674708,0,0,48,50
267,134684101,Adeola Odeku Street,secondary,2,50,yes,paving_stones,yes,2339926113,6.4291634,3.4238783,31674708,6.4291637,3.4239774,6.42916355,3.42392785,10.95,89.8,1,31674708,1,31674708,0,1,49,50
268,215492880,Akin Adesola Street,primary,2,50,yes,paving_stones,yes,31700878,6.4365436,3.4241192,5396714431,6.4363338,3.4240649,6.4364387,3.4240920499999996,24.09,194.4,0,,0,,1,0,0,23
269,215492880,Akin Adesola Street,primary,2,50,yes,paving_stones,yes,5396714431,6.4363338,3.4240649,95636559,6.4361245,3.4240106,6.43622915,3.42403775,24.03,194.5,0,,0,,0,0,1,23
270,215492880,Akin Adesola Street,primary,2,50,yes,paving_stones,yes,95636559,6.4361245,3.4240106,95636597,6.4359952,3.423986,6.4360598499999995,3.4239983,14.63,190.7,0,,0,,0,0,2,23
271,215492880,Akin Adesola Street,primary,2,50,yes,paving_stones,yes,95636597,6.4359952,3.423986,5396714434,6.4355967,3.4239364,6.435795949999999,3.4239612,44.65,187.1,0,,0,,0,0,3,23
272,215492880,Akin Adesola Street,primary,2,50,yes,paving_stones,yes,5396714434,6.4355967,3.4239364,95636672,6.4353093,3.4239097,6.435453,3.42392305,32.09,185.3,0,,0,,0,0,4,23
273,215492880,Akin Adesola Street,primary,2,50,yes,paving_stones,yes,95636672,6.4353093,3.4239097,5396714437,6.4349717,3.4238827,6.4351405,3.4238961999999997,37.66,184.5,0,,0,,0,0,5,23
274,215492880,Akin Adesola Street,primary,2,50,yes,paving_stones,yes,5396714437,6.4349717,3.4238827,95636821,6.4345892,3.423876,6.43478045,3.42387935,42.54,181.0,0,,0,,0,0,6,23
275,215492880,Akin Adesola Street,primary,2,50,yes,paving_stones,yes,95636821,6.4345892,3.423876,5582802504,6.4333738,3.4238948,6.4339815,3.4238853999999996,135.16,179.1,0,,0,,0,0,7,23
276,215492880,Akin Adesola Street,primary,2,50,yes,paving_stones,yes,5582802504,6.4333738,3.4238948,5582802503,6.432345,3.4238908,6.4328594,3.4238928,114.4,180.2,0,,0,,0,0,8,23
277,215492880,Akin Adesola Street,primary,2,50,yes,paving_stones,yes,5582802503,6.432345,3.4238908,5109668001,6.4311109,3.4238814,6.43172795,3.4238861,137.23,180.4,0,,1,5109667999,0,0,9,23
278,215492880,Akin Adesola Street,primary,2,50,yes,paving_stones,yes,5109668001,6.4311109,3.4238814,5582802502,6.4306778,3.4238827,6.43089435,3.42388205,48.16,179.8,1,5109667999,1,5109668001,0,0,10,23
279,215492880,Akin Adesola Street,primary,2,50,yes,paving_stones,yes,5582802502,6.4306778,3.4238827,95636900,6.4292447,3.423878,6.42996125,3.42388035,159.35,180.2,1,5109668001,1,31674708,0,0,11,23
280,215492880,Akin Adesola Street,primary,2,50,yes,paving_stones,yes,95636900,6.4292447,3.423878,2339926113,6.4291634,3.4238783,6.42920405,3.42387815,9.04,179.8,1,31674708,1,31674708,0,0,12,23
281,215492880,Akin Adesola Street,primary,2,50,yes,paving_stones,yes,2339926113,6.4291634,3.4238783,5582802501,6.428279,3.4238935,6.4287212,3.4238859,98.36,179.0,1,31674708,0,,0,0,13,23
282,215492880,Akin Adesola Street,primary,2,50,yes,paving_stones,yes,5582802501,6.428279,3.4238935,5582802500,6.4275567,3.4238921,6.42791785,3.4238928,80.32,180.1,0,,0,,0,0,14,23
283,215492880,Akin Adesola Street,primary,2,50,yes,paving_stones,yes,5582802500,6.4275567,3.4238921,95636908,6.4270814,3.4238935,6.4273190499999995,3.4238928,52.85,179.8,0,,1,36240967,0,0,15,23
284,215492880,Akin Adesola Street,primary,2,50,yes,paving_stones,yes,95636908,6.4270814,3.4238935,5582802499,6.4262827,3.4239015,6.42668205,3.4238975,88.82,179.4,1,36240967,0,,0,0,16,23
285,215492880,Akin Adesola Street,primary,2,50,yes,paving_stones,yes,5582802499,6.4262827,3.4239015,1289576527,6.4256523,3.4239055,6.4259675000000005,3.4239034999999998,70.1,179.6,0,,0,,0,0,17,23
286,215492880,Akin Adesola Street,primary,2,50,yes,paving_stones,yes,1289576527,6.4256523,3.4239055,4708819230,6.424838,3.4239055,6.42524515,3.4239055,90.55,180.0,0,,0,,0,0,18,23
287,215492880,Akin Adesola Street,primary,2,50,yes,paving_stones,yes,4708819230,6.424838,3.4239055,95636982,6.4240864,3.4238974,6.424462200000001,3.42390145,83.58,180.6,0,,0,,0,0,19,23
288,215492880,Akin Adesola Street,primary,2,50,yes,paving_stones,yes,95636982,6.4240864,3.4238974,5582802498,6.4234454,3.4239069,6.4237659,3.42390215,71.28,179.2,0,,0,,0,0,20,23
289,215492880,Akin Adesola Street,primary,2,50,yes,paving_stones,yes,5582802498,6.4234454,3.4239069,168581819,6.422731,3.4239055,6.4230882000000005,3.4239062000000002,79.44,180.1,0,,1,31674712,0,0,21,23
290,215492880,Akin Adesola Street,primary,2,50,yes,paving_stones,yes,168581819,6.422731,3.4239055,95637019,6.4226458,3.4239089,6.4226884,3.4239072,9.48,177.7,1,31674712,1,31674712,0,1,22,23
291,215492893,Akin Adesola Street,primary,2,50,yes,asphalt,yes,31700906,6.4367071,3.4242604,1472121875,6.4370679,3.4243674,6.436887499999999,3.4243139,41.82,16.4,0,,0,,1,0,0,3
292,215492893,Akin Adesola Street,primary,2,50,yes,asphalt,yes,1472121875,6.4370679,3.4243674,5396714429,6.4373718,3.4244785,6.43721985,3.4244229500000003,35.95,20.0,0,,0,,0,0,1,3
293,215492893,Akin Adesola Street,primary,2,50,yes,asphalt,yes,5396714429,6.4373718,3.4244785,1472131511,6.437746,3.4246419,6.4375589,3.4245602,45.36,23.5,0,,0,,0,1,2,3
294,416084175,Akin Adesola Street,primary,2,50,yes,asphalt,yes,1472131511,6.437746,3.4246419,95636325,6.4380673,3.4247843,6.43790665,3.4247131,39.04,23.8,0,,0,,1,1,0,1
295,505413824,Ahmadu Bello Way,trunk,2,50,yes,asphalt,yes,168574117,6.4222031,3.4135872,5622523770,6.4221951,3.4134396,6.4221991,3.4135134,16.33,266.9,0,,0,,1,0,0,46
296,505413824,Ahmadu Bello Way,trunk,2,50,yes,asphalt,yes,5622523770,6.4221951,3.4134396,5588108881,6.4221287,3.4130386,6.4221619,3.4132391,44.92,260.5,0,,0,,0,0,1,46
297,505413824,Ahmadu Bello Way,trunk,2,50,yes,asphalt,yes,5588108881,6.4221287,3.4130386,164464802,6.4220883,3.4126197,6.4221085,3.4128291500000003,46.5,264.5,0,,0,,0,0,2,46
298,505413824,Ahmadu Bello Way,trunk,2,50,yes,asphalt,yes,164464802,6.4220883,3.4126197,164476479,6.4220874,3.4124887,6.4220878500000005,3.4125541999999998,14.48,269.6,0,,0,,0,0,3,46
299,505413824,Ahmadu Bello Way,trunk,2,50,yes,asphalt,yes,164476479,6.4220874,3.4124887,168590117,6.4220994,3.4123532,6.4220934,3.41242095,15.03,275.1,0,,0,,0,0,4,46
300,505413824,Ahmadu Bello Way,trunk,2,50,yes,asphalt,yes,168590117,6.4220994,3.4123532,168588861,6.4221407,3.4122178,6.42212005,3.4122855000000003,15.65,287.1,0,,0,,0,0,5,46
301,505413824,Ahmadu Bello Way,trunk,2,50,yes,asphalt,yes,168588861,6.4221407,3.4122178,164462580,6.4221967,3.4120797,6.4221687,3.41214875,16.48,292.2,0,,0,,0,0,6,46
302,505413824,Ahmadu Bello Way,trunk,2,50,yes,asphalt,yes,164462580,6.4221967,3.4120797,164472759,6.4223288,3.411841,6.42226275,3.41196035,30.19,299.1,0,,0,,0,0,7,46
303,505413824,Ahmadu Bello Way,trunk,2,50,yes,asphalt,yes,164472759,6.4223288,3.411841,5588108879,6.4224565,3.4116733,6.42239265,3.4117571499999997,23.35,307.5,0,,0,,0,0,8,46
304,505413824,Ahmadu Bello Way,trunk,2,50,yes,asphalt,yes,5588108879,6.4224565,3.4116733,13240035643,6.4224998,3.4116135,6.42247815,3.4116434,8.18,306.1,0,,0,,0,0,9,46
305,505413824,Ahmadu Bello Way,trunk,2,50,yes,asphalt,yes,13240035643,6.4224998,3.4116135,168576565,6.4226245,3.4114413,6.42256215,3.4115273999999998,23.54,306.1,0,,0,,0,0,10,46
306,505413824,Ahmadu Bello Way,trunk,2,50,yes,asphalt,yes,168576565,6.4226245,3.4114413,5588108880,6.4228204,3.4112187,6.42272245,3.41133,32.86,311.5,0,,0,,0,0,11,46
307,505413824,Ahmadu Bello Way,trunk,2,50,yes,asphalt,yes,5588108880,6.4228204,3.4112187,4707949585,6.4231056,3.4109317,6.422963,3.4110752,44.85,315.0,0,,0,,0,0,12,46
308,505413824,Ahmadu Bello Way,trunk,2,50,yes,asphalt,yes,4707949585,6.4231056,3.4109317,12974264276,6.4231268,3.4109135,6.423116200000001,3.4109226,3.1,319.5,0,,0,,0,0,13,46
309,505413824,Ahmadu Bello Way,trunk,2,50,yes,asphalt,yes,12974264276,6.4231268,3.4109135,168577757,6.4233041,3.4107614,6.423215450000001,3.41083745,25.91,319.6,0,,0,,0,0,14,46
310,505413824,Ahmadu Bello Way,trunk,2,50,yes,asphalt,yes,168577757,6.4233041,3.4107614,12974264267,6.4233293,3.4107428,6.4233167,3.4107521,3.48,323.7,0,,0,,0,0,15,46
311,505413824,Ahmadu Bello Way,trunk,2,50,yes,asphalt,yes,12974264267,6.4233293,3.4107428,5196725569,6.423476,3.410634,6.42340265,3.4106883999999997,20.26,323.6,0,,0,,0,0,16,46
312,505413824,Ahmadu Bello Way,trunk,2,50,yes,asphalt,yes,5196725569,6.423476,3.410634,5196725568,6.4235841,3.4105487,6.42353005,3.41059135,15.27,321.9,0,,0,,0,0,17,46
313,505413824,Ahmadu Bello Way,trunk,2,50,yes,asphalt,yes,5196725568,6.4235841,3.4105487,164468513,6.4237909,3.4104128,6.4236875,3.41048075,27.46,326.9,0,,0,,0,0,18,46
314,505413824,Ahmadu Bello Way,trunk,2,50,yes,asphalt,yes,164468513,6.4237909,3.4104128,5588108878,6.424197,3.4101793,6.42399395,3.41029605,52.01,330.3,0,,0,,0,0,19,46
315,505413824,Ahmadu Bello Way,trunk,2,50,yes,asphalt,yes,5588108878,6.424197,3.4101793,12974264296,6.4245004,3.4100175,6.4243487,3.4100984,38.18,332.1,0,,0,,0,0,20,46
316,505413824,Ahmadu Bello Way,trunk,2,50,yes,asphalt,yes,12974264296,6.4245004,3.4100175,164485452,6.4246335,3.4099465,6.42456695,3.4099820000000003,16.75,332.1,0,,0,,0,0,21,46
317,505413824,Ahmadu Bello Way,trunk,2,50,yes,asphalt,yes,164485452,6.4246335,3.4099465,5622523781,6.4251925,3.4097086,6.424913,3.40982755,67.49,337.1,0,,0,,0,0,22,46
318,505413824,Ahmadu Bello Way,trunk,2,50,yes,asphalt,yes,5622523781,6.4251925,3.4097086,168579823,6.4254235,3.4096232,6.425307999999999,3.4096659000000002,27.36,339.8,0,,0,,0,0,23,46
319,505413824,Ahmadu Bello Way,trunk,2,50,yes,asphalt,yes,168579823,6.4254235,3.4096232,168578645,6.4260862,3.4093924,6.425754850000001,3.4095078,77.98,340.9,0,,0,,0,0,24,46
320,505413824,Ahmadu Bello Way,trunk,2,50,yes,asphalt,yes,168578645,6.4260862,3.4093924,164466378,6.4268092,3.4092055,6.426447700000001,3.40929895,83.0,345.6,0,,0,,0,0,25,46
321,505413824,Ahmadu Bello Way,trunk,2,50,yes,asphalt,yes,164466378,6.4268092,3.4092055,1652204840,6.4271919,3.4091147,6.427000550000001,3.4091601000000002,43.72,346.7,0,,0,,0,0,26,46
322,505413824,Ahmadu Bello Way,trunk,2,50,yes,asphalt,yes,1652204840,6.4271919,3.4091147,164481369,6.4272879,3.4090943,6.4272399,3.4091044999999998,10.91,348.1,0,,0,,0,0,27,46
323,505413824,Ahmadu Bello Way,trunk,2,50,yes,asphalt,yes,164481369,6.4272879,3.4090943,7920020886,6.4275879,3.4090499,6.427437899999999,3.4090721,33.72,351.6,0,,0,,0,0,28,46
324,505413824,Ahmadu Bello Way,trunk,2,50,yes,asphalt,yes,7920020886,6.4275879,3.4090499,1598718026,6.4278943,3.4090046,6.4277411,3.40902725,34.44,351.6,0,,0,,0,0,29,46
325,505413824,Ahmadu Bello Way,trunk,2,50,yes,asphalt,yes,1598718026,6.4278943,3.4090046,7920020888,6.4279969,3.4089911,6.4279456,3.40899785,11.51,352.6,0,,0,,0,0,30,46
326,505413824,Ahmadu Bello Way,trunk,2,50,yes,asphalt,yes,7920020888,6.4279969,3.4089911,168586383,6.4282155,3.4089623,6.4281062,3.4089767,24.51,352.5,0,,0,,0,0,31,46
327,505413824,Ahmadu Bello Way,trunk,2,50,yes,asphalt,yes,168586383,6.4282155,3.4089623,9515634813,6.4282618,3.4089588,6.42823865,3.4089605499999998,5.16,355.7,0,,0,,0,0,32,46
328,505413824,Ahmadu Bello Way,trunk,2,50,yes,asphalt,yes,9515634813,6.4282618,3.4089588,5588108877,6.4286868,3.4089267,6.4284742999999995,3.40894275,47.39,355.7,0,,0,,0,0,33,46
329,505413824,Ahmadu Bello Way,trunk,2,50,yes,asphalt,yes,5588108877,6.4286868,3.4089267,168589702,6.4292993,3.4088996,6.428993050000001,3.40891315,68.17,357.5,0,,0,,0,0,34,46
330,505413824,Ahmadu Bello Way,trunk,2,50,yes,asphalt,yes,168589702,6.4292993,3.4088996,1480437277,6.4299169,3.4089006,6.4296081,3.4089001,68.67,0.1,0,,1,1480437222,0,0,35,46
331,505413824,Ahmadu Bello Way,trunk,2,50,yes,asphalt,yes,1480437277,6.4299169,3.4089006,1480437222,6.4300156,3.4089,6.42996625,3.4089003,10.98,359.7,1,1480437222,1,1480437222,0,0,36,46
332,505413824,Ahmadu Bello Way,trunk,2,50,yes,asphalt,yes,1480437222,6.4300156,3.4089,168584390,6.4309095,3.4088973,6.43046255,3.4088986500000003,99.4,359.8,1,1480437222,0,,0,0,37,46
333,505413824,Ahmadu Bello Way,trunk,2,50,yes,asphalt,yes,168584390,6.4309095,3.4088973,10603251472,6.4310443,3.4088945,6.4309769,3.4088959,14.99,358.8,0,,0,,0,0,38,46
334,505413824,Ahmadu Bello Way,trunk,2,50,yes,asphalt,yes,10603251472,6.4310443,3.4088945,5202654610,6.4311229,3.4088959,6.4310836,3.4088952,8.74,1.0,0,,0,,0,0,39,46
335,505413824,Ahmadu Bello Way,trunk,2,50,yes,asphalt,yes,5202654610,6.4311229,3.4088959,168586209,6.4318116,3.4088855,6.43146725,3.4088906999999997,76.59,359.1,0,,0,,0,0,40,46
336,505413824,Ahmadu Bello Way,trunk,2,50,yes,asphalt,yes,168586209,6.4318116,3.4088855,13304609528,6.4318512,3.4088857,6.4318314,3.4088855999999996,4.4,0.3,0,,0,,0,0,41,46
337,505413824,Ahmadu Bello Way,trunk,2,50,yes,asphalt,yes,13304609528,6.4318512,3.4088857,164465711,6.4327639,3.4088906,6.43230755,3.40888815,101.49,0.3,0,,0,,0,0,42,46
338,505413824,Ahmadu Bello Way,trunk,2,50,yes,asphalt,yes,164465711,6.4327639,3.4088906,31674720,6.4333098,3.408897,6.433036850000001,3.4088938,60.71,0.7,0,,0,,0,0,43,46
339,505413824,Ahmadu Bello Way,trunk,2,50,yes,asphalt,yes,31674720,6.4333098,3.408897,31674732,6.4341027,3.408841,6.43370625,3.408869,88.38,356.0,0,,0,,0,0,44,46
340,505413824,Ahmadu Bello Way,trunk,2,50,yes,asphalt,yes,31674732,6.4341027,3.408841,31674733,6.4346453,3.4087734,6.434374,3.4088072,60.79,352.9,0,,0,,0,1,45,46
341,525026796,Akin Adesola Street,primary,2,50,yes,paving_stones,yes,31674711,6.4248354,3.4240021,5582802496,6.4256776,3.4239914,6.4252565,3.4239967499999997,93.66,359.3,0,,0,,1,0,0,28
342,525026796,Akin Adesola Street,primary,2,50,yes,paving_stones,yes,5582802496,6.4256776,3.4239914,9409358994,6.426228,3.4239813,6.4259528,3.42398635,61.21,359.0,0,,0,,0,0,1,28
343,525026796,Akin Adesola Street,primary,2,50,yes,paving_stones,yes,9409358994,6.426228,3.4239813,36240967,6.4270816,3.4239759,6.4266548,3.4239786,94.92,359.6,0,,1,36240967,0,0,2,28
344,525026796,Akin Adesola Street,primary,2,50,yes,paving_stones,yes,36240967,6.4270816,3.4239759,12632857523,6.4273948,3.4239783,6.4272382,3.4239771,34.83,0.4,1,36240967,1,36240967,0,0,3,28
345,525026796,Akin Adesola Street,primary,2,50,yes,paving_stones,yes,12632857523,6.4273948,3.4239783,12634845248,6.4279938,3.4239829,6.427694300000001,3.4239806,66.61,0.4,1,36240967,0,,0,0,4,28
346,525026796,Akin Adesola Street,primary,2,50,yes,paving_stones,yes,12634845248,6.4279938,3.4239829,1289576525,6.4280391,3.4239833,6.42801645,3.4239831,5.04,0.5,0,,0,,0,0,5,28
347,525026796,Akin Adesola Street,primary,2,50,yes,paving_stones,yes,1289576525,6.4280391,3.4239833,12632857527,6.4284683,3.4239748,6.4282537,3.42397905,47.73,358.9,0,,0,,0,0,6,28
348,525026796,Akin Adesola Street,primary,2,50,yes,paving_stones,yes,12632857527,6.4284683,3.4239748,5622523777,6.4285815,3.4239726,6.428524899999999,3.4239737,12.59,358.9,0,,0,,0,0,7,28
349,525026796,Akin Adesola Street,primary,2,50,yes,paving_stones,yes,5622523777,6.4285815,3.4239726,5194461468,6.4289472,3.423978,6.42876435,3.4239753,40.67,0.8,0,,1,31674708,0,0,8,28
350,525026796,Akin Adesola Street,primary,2,50,yes,paving_stones,yes,5194461468,6.4289472,3.423978,5194461469,6.4290241,3.4239773,6.4289856499999996,3.42397765,8.55,359.5,1,31674708,1,31674708,0,0,9,28
351,525026796,Akin Adesola Street,primary,2,50,yes,paving_stones,yes,5194461469,6.4290241,3.4239773,31674708,6.4291637,3.4239774,6.4290939,3.42397735,15.52,0.0,1,31674708,1,31674708,0,0,10,28
352,525026796,Akin Adesola Street,primary,2,50,yes,paving_stones,yes,31674708,6.4291637,3.4239774,5902583245,6.4292452,3.4239777,6.42920445,3.42397755,9.06,0.2,1,31674708,1,31674708,0,0,11,28
353,525026796,Akin Adesola Street,primary,2,50,yes,paving_stones,yes,5902583245,6.4292452,3.4239777,12632857535,6.4301001,3.4239775,6.4296726500000005,3.4239775999999997,95.06,360.0,1,31674708,0,,0,0,12,28
354,525026796,Akin Adesola Street,primary,2,50,yes,paving_stones,yes,12632857535,6.4301001,3.4239775,12632857532,6.4302933,3.4239776,6.4301967,3.42397755,21.48,0.0,0,,0,,0,0,13,28
355,525026796,Akin Adesola Street,primary,2,50,yes,paving_stones,yes,12632857532,6.4302933,3.4239776,12632857541,6.4303766,3.4239776,6.43033495,3.4239776,9.26,0.0,0,,0,,0,0,14,28
356,525026796,Akin Adesola Street,primary,2,50,yes,paving_stones,yes,12632857541,6.4303766,3.4239776,12632857536,6.4305682,3.4239777,6.430472399999999,3.4239776500000003,21.3,0.0,0,,0,,0,0,15,28
357,525026796,Akin Adesola Street,primary,2,50,yes,paving_stones,yes,12632857536,6.4305682,3.4239777,5109667999,6.4311413,3.423978,6.43085475,3.42397785,63.73,0.0,0,,1,5109667999,0,0,16,28
358,525026796,Akin Adesola Street,primary,2,50,yes,paving_stones,yes,5109667999,6.4311413,3.423978,31674707,6.431298,3.4239794,6.43121965,3.4239787,17.42,0.5,1,5109667999,1,5109667999,0,0,17,28
359,525026796,Akin Adesola Street,primary,2,50,yes,paving_stones,yes,31674707,6.431298,3.4239794,31701066,6.4346277,3.423969,6.43296285,3.4239742,370.25,359.8,1,5109667999,0,,0,0,18,28
360,525026796,Akin Adesola Street,primary,2,50,yes,paving_stones,yes,31701066,6.4346277,3.423969,5396714436,6.434949,3.4239739,6.43478835,3.42397145,35.73,0.9,0,,0,,0,0,19,28
361,525026796,Akin Adesola Street,primary,2,50,yes,paving_stones,yes,5396714436,6.434949,3.4239739,5396714435,6.4352119,3.4239897,6.435080449999999,3.4239818,29.29,3.4,0,,0,,0,0,20,28
362,525026796,Akin Adesola Street,primary,2,50,yes,paving_stones,yes,5396714435,6.4352119,3.4239897,31701040,6.4354837,3.424015,6.4353478,3.42400235,30.35,5.3,0,,0,,0,0,21,28
363,525026796,Akin Adesola Street,primary,2,50,yes,paving_stones,yes,31701040,6.4354837,3.424015,31701012,6.4356701,3.4240338,6.4355769,3.4240244,20.83,5.7,0,,0,,0,0,22,28
364,525026796,Akin Adesola Street,primary,2,50,yes,paving_stones,yes,31701012,6.4356701,3.4240338,31700930,6.4358681,3.4240627,6.4357691,3.4240482500000002,22.25,8.3,0,,0,,0,0,23,28
365,525026796,Akin Adesola Street,primary,2,50,yes,paving_stones,yes,31700930,6.4358681,3.4240627,31700918,6.436011,3.4240919,6.4359395500000005,3.4240773,16.21,11.5,0,,0,,0,0,24,28
366,525026796,Akin Adesola Street,primary,2,50,yes,paving_stones,yes,31700918,6.436011,3.4240919,5396714432,6.4361914,3.4241238,6.4361011999999995,3.42410785,20.37,10.0,0,,0,,0,0,25,28
367,525026796,Akin Adesola Street,primary,2,50,yes,paving_stones,yes,5396714432,6.4361914,3.4241238,5396714433,6.4364416,3.4241844,6.4363165,3.4241541,28.62,13.5,0,,0,,0,0,26,28
368,525026796,Akin Adesola Street,primary,2,50,yes,paving_stones,yes,5396714433,6.4364416,3.4241844,31700906,6.4367071,3.4242604,6.43657435,3.4242224,30.69,15.9,0,,0,,0,1,27,28
369,1061547106,Akin Adesola Street,primary,2,50,yes,asphalt,yes,31700864,6.4380904,3.4247024,1472121865,6.4377083,3.4245364,6.43789935,3.4246194,46.28,203.3,0,,0,,1,1,0,1
370,1067200369,Ahmadu Bello Way,trunk,2,50,yes,paved,yes,1472172469,6.4414862,3.4014842,31674778,6.4414047,3.4017058,6.44144545,3.401595,26.11,110.3,0,,0,,1,0,0,7
371,1067200369,Ahmadu Bello Way,trunk,2,50,yes,paved,yes,31674778,6.4414047,3.4017058,2429766008,6.4413689,3.4018069,6.4413868,3.40175635,11.86,109.6,0,,0,,0,0,1,7
372,1067200369,Ahmadu Bello Way,trunk,2,50,yes,paved,yes,2429766008,6.4413689,3.4018069,2245287706,6.4413317,3.4019119,6.4413503,3.4018594,12.32,109.6,0,,0,,0,0,2,7
373,1067200369,Ahmadu Bello Way,trunk,2,50,yes,paved,yes,2245287706,6.4413317,3.4019119,5244204646,6.441284,3.4020286,6.441307849999999,3.4019702499999998,13.94,112.4,0,,0,,0,0,3,7
374,1067200369,Ahmadu Bello Way,trunk,2,50,yes,paved,yes,5244204646,6.441284,3.4020286,2245287689,6.4412545,3.402101,6.4412692499999995,3.4020647999999998,8.65,112.3,0,,0,,0,0,4,7
375,1067200369,Ahmadu Bello Way,trunk,2,50,yes,paved,yes,2245287689,6.4412545,3.402101,1472172496,6.441171,3.4022744,6.44121275,3.4021877,21.29,115.9,0,,0,,0,0,5,7
376,1067200369,Ahmadu Bello Way,trunk,2,50,yes,paved,yes,1472172496,6.441171,3.4022744,1090910214,6.4411018,3.4023887,6.4411363999999995,3.40233155,14.79,121.4,0,,0,,0,1,6,7
