u,v,name_clean,highway,length,oneway,lanes_manual,Rx_manual,maxspeed_manual_kmh,has_signal_end,u_lat,u_lon,v_lat,v_lon
5892828017,5892828014,Rue 12.191,primary,13.72,True,2,,50,0,6.3768355,2.3897621,6.3767522,2.3898537
5848990355,355516496,Rue 12.191,primary,13.54,True,2,,50,0,6.3767029,2.3899098,6.3766207,2.3900002
355516496,5953981510,Rue 12.191,primary,17.68,True,2,,50,0,6.3766207,2.3900002,6.3765114,2.3901164
5953981510,355516578,Rue 12.191,primary,28.67,True,2,,50,0,6.3765114,2.3901164,6.3763408,2.3903109
355516578,5892828013,Rue 12.191,primary,14.48,True,2,,50,0,6.3763408,2.3903109,6.3762453,2.3904
5892828013,355517721,Rue 12.191,primary,21.34,True,2,,50,0,6.3762453,2.3904,6.3760942,2.3905191
355517721,355517702,Rue 12.191,primary,25.65,True,2,,50,0,6.3760942,2.3905191,6.3758986,2.3906422
355517702,5892828012,Rue 12.191,primary,15.9,True,2,,50,0,6.3758986,2.3906422,6.3757772,2.3907182
5892828012,5849637426,Rue 12.191,primary,20.65,True,2,,50,0,6.3757772,2.3907182,6.3756123,2.3908042
5849637426,5849637432,Rue 12.191,primary,35.12,True,2,,50,0,6.3756123,2.3908042,6.3753242,2.3909344
5849637432,5892828010,Rue 12.191,primary,33.64,True,2,,50,0,6.3753242,2.3909344,6.3750522,2.3910677
5892828010,355517662,Rue 12.191,primary,38.36,True,2,,50,0,6.3750522,2.3910677,6.3747396,2.3912145
355517662,5893050701,Rue 12.191,primary,45.01,True,2,,50,0,6.3747396,2.3912145,6.3743664,2.3913723
5893050701,5892828006,Rue 12.191,primary,111.52,True,2,,50,0,6.3743664,2.3913723,6.3734437,2.3917677
5892828006,7807061003,Rue 12.191,primary,23.46,True,2,,50,0,6.3734437,2.3917677,6.37325,2.3918518
7807061003,355517548,Rue 12.191,primary,21.63,True,2,,50,0,6.37325,2.3918518,6.3730736,2.3919342
355517548,355517509,Rue 12.191,primary,25.12,True,2,,50,0,6.3730736,2.3919342,6.3728747,2.3920419
355517509,5953981509,Rue 12.191,primary,19.8,True,2,,50,0,6.3728747,2.3920419,6.3727249,2.3921388
5953981509,355517470,Rue 12.191,primary,17.91,True,2,,50,0,6.3727249,2.3921388,6.3725945,2.3922339
355517470,7807061005,Rue 12.191,primary,23.09,True,2,,50,0,6.3725945,2.3922339,6.3724343,2.3923668
7807061005,7807061004,Rue 12.191,primary,18.65,True,2,,50,0,6.3724343,2.3923668,6.3723144,2.3924848
7807061004,355517417,Rue 12.191,primary,27.41,True,2,,50,0,6.3723144,2.3924848,6.372142,2.3926621
355517417,355517389,Rue 12.191,primary,22.01,True,2,,50,0,6.372142,2.3926621,6.372019,2.3928182
355517389,355517316,Rue 12.191,primary,34.82,True,2,,50,0,6.372019,2.3928182,6.3718338,2.3930723
355517316,355517294,Rue 12.191,primary,26.12,True,2,,50,0,6.3718338,2.3930723,6.3716601,2.3932314
355517294,355517277,Rue 12.191,primary,12.39,True,2,,50,0,6.3716601,2.3932314,6.3715667,2.3932925
355517277,5892828002,Rue 12.191,primary,26.21,True,2,,50,0,6.3715667,2.3932925,6.3713572,2.3934012
5892828002,355517251,Rue 12.191,primary,29.92,True,2,,50,0,6.3713572,2.3934012,6.3710996,2.3934793
355517251,355517193,Rue 12.191,primary,34.98,True,2,,50,0,6.3710996,2.3934793,6.3707924,2.3935476
355517193,356271587,Rue 12.191,primary,29.58,True,2,,50,0,6.3707924,2.3935476,6.3705334,2.3936088
356271587,5953981508,Rue 12.191,primary,97.07,True,2,,50,0,6.3705334,2.3936088,6.3696867,2.3938226
5953981508,355517169,Rue 12.191,primary,12.65,True,2,,50,0,6.3696867,2.3938226,6.3695771,2.3938534
355516681,5892828018,Unknown,trunk,16.65,True,2,,50,0,6.3769809,2.3899358,6.3770071,2.3900841
5892828018,5851171561,Unknown,trunk,12.38,True,2,,50,0,6.3770071,2.3900841,6.3770159,2.3901958
5851171561,5848990346,Unknown,trunk,11.07,True,2,,50,0,6.3770159,2.3901958,6.3770145,2.390296
5848990346,2783260145,Unknown,trunk,112.93,True,2,,50,0,6.3770145,2.390296,6.3769436,2.3913154
2783260145,2488243361,Unknown,trunk,188.65,True,2,,50,0,6.3769436,2.3913154,6.3768492,2.3930199
2488243361,2783251398,Unknown,trunk,240.85,True,2,,50,0,6.3768492,2.3930199,6.3767351,2.3951964
2783251398,2783251397,Unknown,trunk,75.64,True,2,,50,0,6.3767351,2.3951964,6.3766903,2.3958794
2783251397,2783251396,Unknown,trunk,33.23,True,2,,50,0,6.3766903,2.3958794,6.3766727,2.3961796
2783251396,2783251393,Unknown,trunk,369.72,True,2,,50,0,6.3766727,2.3961796,6.3764914,2.3995203
2783251393,1102477660,Unknown,trunk,199.04,True,2,,50,0,6.3764914,2.3995203,6.376389,2.4013185
1102477660,5892749374,Unknown,trunk,45.89,True,2,,50,0,6.376389,2.4013185,6.3763465,2.4017316
5892749374,1102389821,Unknown,trunk,36.84,True,2,,50,0,6.3763465,2.4017316,6.376297,2.4020612
1102389821,5892749375,Unknown,trunk,23.84,True,2,,50,0,6.376297,2.4020612,6.3762527,2.4022723
5892749375,5892749373,Unknown,trunk,24.97,True,2,,50,0,6.3762527,2.4022723,6.3762051,2.4024931
5892749373,4618263329,Unknown,trunk,26.4,True,2,,50,0,6.3762051,2.4024931,6.3761502,2.4027255
4618263329,1102389892,Unknown,trunk,25.8,True,2,,50,0,6.3761502,2.4027255,6.3760921,2.4029515
1102389892,5891430907,Unknown,trunk,28.7,True,2,,50,0,6.3760921,2.4029515,6.3760202,2.4032009
5891430907,5074451598,Unknown,trunk,33.19,True,2,,50,0,6.3760202,2.4032009,6.3759323,2.4034879
5074451598,7624815319,Unknown,trunk,30.23,True,2,,50,0,6.3759323,2.4034879,6.3758463,2.4037474
7624815319,5892749376,Unknown,trunk,24.09,True,2,,50,0,6.3758463,2.4037474,6.3757685,2.4039509
5892749376,7624815318,Unknown,trunk,26.99,True,2,,50,0,6.3757685,2.4039509,6.3756757,2.4041766
7624815318,7624815317,Unknown,trunk,25.34,True,2,,50,0,6.3756757,2.4041766,6.3755824,2.4043858
7624815317,4452035836,Unknown,trunk,51.34,True,2,,50,0,6.3755824,2.4043858,6.3753717,2.4047992
4452035836,2783251371,Unknown,trunk,15.6,True,2,,50,0,6.3753717,2.4047992,6.3752976,2.4049191
2783251371,2770126974,Unknown,trunk,74.27,True,2,,50,0,6.3752976,2.4049191,6.3749488,2.4054923
2770126974,2770126973,Unknown,trunk,70.11,True,2,,50,0,6.3749488,2.4054923,6.374576,2.406004
2770126973,2770126971,Unknown,trunk,64.48,True,2,,50,0,6.374576,2.406004,6.3742102,2.4064568
2770126971,2770126968,Unknown,trunk,67.72,True,2,,50,0,6.3742102,2.4064568,6.3738197,2.4069271
2770126968,1531575212,Unknown,trunk,65.64,True,2,,50,0,6.3738197,2.4069271,6.3734348,2.4073774
1531575212,2770084321,Unknown,trunk,64.96,True,2,,50,0,6.3734348,2.4073774,6.3730482,2.4078181
2770084321,2770084320,Unknown,trunk,68.15,True,2,,50,0,6.3730482,2.4078181,6.3726553,2.4082914
2770084320,2770084317,Unknown,trunk,67.36,True,2,,50,0,6.3726553,2.4082914,6.372261,2.4087542
2770084317,5074451600,Unknown,trunk,37.48,True,2,,50,0,6.372261,2.4087542,6.3720455,2.409015
355518354,355518371,Rue 12.191,primary,17.88,True,2,,50,0,6.3671107,2.3945197,6.3669557,2.3945629
355518371,5953981503,Rue 12.191,primary,16.99,True,2,,50,0,6.3669557,2.3945629,6.3668104,2.3946105
5953981503,355518319,Rue 12.191,primary,22.0,True,2,,50,0,6.3668104,2.3946105,6.3666258,2.3946822
355518319,5953981501,Rue 12.191,primary,17.33,True,2,,50,0,6.3666258,2.3946822,6.3664806,2.3947392
5953981501,355518336,Rue 12.191,primary,24.15,True,2,,50,0,6.3664806,2.3947392,6.3662806,2.3948244
355518336,5888395770,Rue 12.191,primary,30.49,True,2,,50,0,6.3662806,2.3948244,6.3660354,2.3949478
5888395770,2488584764,Rue 12.191,primary,46.18,True,2,,50,0,6.3660354,2.3949478,6.3656755,2.3951563
2488584764,355518137,Rue 12.191,primary,36.33,True,2,,50,0,6.3656755,2.3951563,6.3653829,2.3953025
355518137,2790486756,Rue 12.191,primary,378.2,True,2,,50,0,6.3653829,2.3953025,6.3624274,2.3969963
2790486756,355519970,Rue 12.191,primary,73.23,True,2,,50,0,6.3624274,2.3969963,6.361867,2.3973444
355519970,355520496,Rue 12.191,primary,19.52,True,2,,50,0,6.361867,2.3973444,6.361717,2.3974362
355520496,2790501468,Rue 12.191,primary,36.38,True,2,,50,0,6.361717,2.3974362,6.3614331,2.3975999
2790501468,2790501465,Rue 12.191,primary,56.81,True,2,,50,0,6.3614331,2.3975999,6.3609893,2.3978546
2790501465,5953981500,Rue 12.191,primary,49.95,True,2,,50,0,6.3609893,2.3978546,6.3606147,2.398104
5953981500,5888395768,Rue 12.191,primary,16.57,True,2,,50,0,6.3606147,2.398104,6.3604808,2.3981698
5888395768,355517824,Rue 12.191,primary,32.94,True,2,,50,0,6.3604808,2.3981698,6.3602136,2.3982986
355517824,2790486736,Rue 12.191,primary,33.74,True,2,,50,0,6.3602136,2.3982986,6.3599357,2.3984212
2790486736,2790486731,Rue 12.191,primary,54.92,True,2,,50,0,6.3599357,2.3984212,6.3594673,2.3985788
2790486731,2790486720,Rue 12.191,primary,52.51,True,2,,50,0,6.3594673,2.3985788,6.3590178,2.3987245
2790486720,2790486703,Rue 12.191,primary,54.66,True,2,,50,0,6.3590178,2.3987245,6.3585422,2.3988494
2790486703,2790486687,Rue 12.191,primary,56.23,True,2,,50,0,6.3585422,2.3988494,6.3580541,2.3989826
2790486687,2790501415,Rue 12.191,primary,59.02,True,2,,50,0,6.3580541,2.3989826,6.3575367,2.3991016
2790501415,7702197528,Rue 12.191,primary,57.75,True,2,,50,0,6.3575367,2.3991016,6.357025,2.3991912
7702197528,355514811,Rue 12.191,primary,37.37,True,2,,50,0,6.357025,2.3991912,6.3566946,2.3992533
355517169,355518354,Rue 12.191,primary,283.96,True,2,,50,0,6.3695771,2.3938534,6.3671107,2.3945197
355519473,5953981507,Rue 12.191,primary,15.07,True,2,,50,0,6.3696007,2.3939512,6.3697314,2.3939151
5953981507,2491592914,Rue 12.191,primary,93.78,True,2,,50,0,6.3697314,2.3939151,6.3705465,2.3936972
2491592914,355519926,Rue 12.191,primary,29.24,True,2,,50,0,6.3705465,2.3936972,6.3708019,2.3936342
355519926,355519107,Rue 12.191,primary,37.84,True,2,,50,0,6.3708019,2.3936342,6.3711313,2.3935482
355519107,5892828003,Rue 12.191,primary,24.12,True,2,,50,0,6.3711313,2.3935482,6.3713389,2.393485
5892828003,355518966,Rue 12.191,primary,23.49,True,2,,50,0,6.3713389,2.393485,6.3715302,2.3933948
355518966,5892828004,Rue 12.191,primary,13.68,True,2,,50,0,6.3715302,2.3933948,6.3716347,2.3933294
5892828004,355519350,Rue 12.191,primary,15.29,True,2,,50,0,6.3716347,2.3933294,6.3717462,2.3932485
355519350,5892828005,Rue 12.191,primary,19.52,True,2,,50,0,6.3717462,2.3932485,6.3718782,2.393132
5892828005,355518521,Rue 12.191,primary,13.62,True,2,,50,0,6.3718782,2.393132,6.3719601,2.3930403
355518521,355520298,Rue 12.191,primary,23.27,True,2,,50,0,6.3719601,2.3930403,6.3720938,2.3928783
355520298,355518388,Rue 12.191,primary,32.07,True,2,,50,0,6.3720938,2.3928783,6.3722861,2.392662
355518388,5953981506,Rue 12.191,primary,20.17,True,2,,50,0,6.3722861,2.392662,6.372409,2.3925278
5953981506,355520178,Rue 12.191,primary,20.55,True,2,,50,0,6.372409,2.3925278,6.3725514,2.3924092
355520178,355520404,Rue 12.191,primary,48.99,True,2,,50,0,6.3725514,2.3924092,6.3729017,2.3921404
355520404,355518565,Rue 12.191,primary,31.8,True,2,,50,0,6.3729017,2.3921404,6.3731487,2.3919954
355518565,2783251345,Rue 12.191,primary,39.41,True,2,,50,0,6.3731487,2.3919954,6.3734685,2.3918417
2783251345,355519490,Rue 12.191,primary,29.07,True,2,,50,0,6.3734685,2.3918417,6.373715,2.3917542
355519490,5892828007,Rue 12.191,primary,65.08,True,2,,50,0,6.373715,2.3917542,6.3742566,2.3915309
5892828007,355519200,Rue 12.191,primary,64.15,True,2,,50,0,6.3742566,2.3915309,6.3747785,2.3912834
355519200,5892828009,Rue 12.191,primary,37.47,True,2,,50,0,6.3747785,2.3912834,6.3750826,2.3911373
5892828009,5849637421,Rue 12.191,primary,32.34,True,2,,50,0,6.3750826,2.3911373,6.3753441,2.3910093
5849637421,5892828011,Rue 12.191,primary,36.17,True,2,,50,0,6.3753441,2.3910093,6.3756382,2.3908695
5892828011,355520340,Rue 12.191,primary,34.89,True,2,,50,0,6.3756382,2.3908695,6.3759161,2.3907229
355520340,355520358,Rue 12.191,primary,24.96,True,2,,50,0,6.3759161,2.3907229,6.3761088,2.3906071
355520358,5953981505,Rue 12.191,primary,15.76,True,2,,50,0,6.3761088,2.3906071,6.3762222,2.3905215
5953981505,2783251391,Rue 12.191,primary,21.01,True,2,,50,0,6.3762222,2.3905215,6.3763648,2.3903967
2783251391,355519394,Rue 12.191,primary,11.86,True,2,,50,0,6.3763648,2.3903967,6.3764391,2.3903197
355519394,5953981504,Rue 12.191,primary,41.1,True,2,,50,0,6.3764391,2.3903197,6.3766887,2.3900454
5892828016,355519048,Rue 12.191,primary,11.6,True,2,,50,0,6.3768552,2.3899475,6.3769539,2.3899134
877155455,7695913828,Boulevard de l’Europe,trunk,37.83,True,2,,50,0,6.3832665,2.3781738,6.3830048,2.3783925
7695913828,7695913827,Boulevard de l’Europe,trunk,23.87,True,2,,50,0,6.3830048,2.3783925,6.3828355,2.3785253
7695913827,7695913826,Boulevard de l’Europe,trunk,20.42,True,2,,50,0,6.3828355,2.3785253,6.3826889,2.3786366
7695913826,5896209808,Boulevard de l’Europe,trunk,20.36,True,2,,50,0,6.3826889,2.3786366,6.382533,2.3787332
5896209808,5896270559,Boulevard de l’Europe,trunk,20.24,True,2,,50,0,6.382533,2.3787332,6.3823783,2.3788297
5896270559,5896209801,Boulevard de l’Europe,trunk,26.37,True,2,,50,0,6.3823783,2.3788297,6.3821678,2.3789397
5896209801,3634748109,Boulevard de l’Europe,trunk,32.73,True,2,,50,0,6.3821678,2.3789397,6.3818991,2.3790607
3634748109,5896270556,Boulevard de l’Europe,trunk,19.5,True,2,,50,0,6.3818991,2.3790607,6.3817352,2.3791234
5896270556,3268777747,Boulevard de l’Europe,trunk,23.91,True,2,,50,0,6.3817352,2.3791234,6.381529,2.3791849
3268777747,3270577914,Boulevard de l’Europe,trunk,40.19,True,2,,50,0,6.381529,2.3791849,6.3811798,2.3792786
3270577914,5953981519,Boulevard de l’Europe,trunk,83.14,True,2,,50,0,6.3811798,2.3792786,6.3804525,2.3794533
5953981519,4250058231,Boulevard de l’Europe,trunk,51.44,True,2,,50,1,6.3804525,2.3794533,6.3800056,2.3795735
4250058231,3705065525,Boulevard de l’Europe,trunk,11.85,True,2,,50,0,6.3800056,2.3795735,6.3799053,2.3796098
3705065525,7804269117,Boulevard de l’Europe,trunk,27.32,True,2,,50,0,6.3799053,2.3796098,6.3796741,2.3796934
7804269117,5953981518,Boulevard de l’Europe,trunk,17.91,True,2,,50,0,6.3796741,2.3796934,6.3795275,2.3797605
5953981518,7770613675,Boulevard de l’Europe,trunk,22.94,True,2,,50,0,6.3795275,2.3797605,6.3793463,2.3798597
7770613675,3268777729,Boulevard de l’Europe,trunk,20.97,True,2,,50,0,6.3793463,2.3798597,6.3791833,2.3799551
3268777729,7770613674,Boulevard de l’Europe,trunk,22.75,True,2,,50,0,6.3791833,2.3799551,6.3790077,2.3800608
7770613674,877155457,Boulevard de l’Europe,trunk,20.94,True,2,,50,0,6.3790077,2.3800608,6.3788577,2.3801753
877155457,7770613673,Boulevard de l’Europe,trunk,24.06,True,2,,50,0,6.3788577,2.3801753,6.3786879,2.3803103
7770613673,4621559250,Boulevard de l’Europe,trunk,21.62,True,2,,50,0,6.3786879,2.3803103,6.3785439,2.3804417
4621559250,7770613672,Boulevard de l’Europe,trunk,20.76,True,2,,50,0,6.3785439,2.3804417,6.3784106,2.3805732
7770613672,4621559251,Boulevard de l’Europe,trunk,22.54,True,2,,50,0,6.3784106,2.3805732,6.3782827,2.3807314
4621559251,5848768716,Boulevard de l’Europe,trunk,24.41,True,2,,50,0,6.3782827,2.3807314,6.3781414,2.3809004
5848768716,7770591683,Boulevard de l’Europe,trunk,24.26,True,2,,50,0,6.3781414,2.3809004,6.3780161,2.3810801
7770591683,330788463,Boulevard de l’Europe,trunk,22.07,True,2,,50,0,6.3780161,2.3810801,6.3779148,2.3812518
330788463,5953981517,Boulevard de l’Europe,trunk,27.58,True,2,,50,0,6.3779148,2.3812518,6.3777975,2.3814717
5953981517,877155456,Boulevard de l’Europe,trunk,24.33,True,2,,50,0,6.3777975,2.3814717,6.3777064,2.3816719
877155456,7770591682,Boulevard de l’Europe,trunk,30.3,True,2,,50,0,6.3777064,2.3816719,6.3776083,2.3819277
7770591682,5848768717,Boulevard de l’Europe,trunk,20.74,True,2,,50,0,6.3776083,2.3819277,6.3775589,2.3821087
5848768717,7770591681,Boulevard de l’Europe,trunk,24.29,True,2,,50,0,6.3775589,2.3821087,6.3775177,2.3823246
7770591681,5848768714,Boulevard de l’Europe,trunk,22.93,True,2,,50,0,6.3775177,2.3823246,6.377487,2.3825298
5848768714,4813798547,Boulevard de l’Europe,trunk,26.64,True,2,,50,0,6.377487,2.3825298,6.3774615,2.3827695
4813798547,7770591678,Boulevard de l’Europe,trunk,29.8,True,2,,50,0,6.3774615,2.3827695,6.3774377,2.3830381
7770591678,3704769525,Boulevard de l’Europe,trunk,204.58,True,2,,50,0,6.3774377,2.3830381,6.3773346,2.3848865
3704769525,3268771990,Boulevard de l’Europe,trunk,210.59,True,2,,50,0,6.3773346,2.3848865,6.3772183,2.3867886
3268771990,7623570507,Boulevard de l’Europe,trunk,128.0,True,2,,50,0,6.3772183,2.3867886,6.3771565,2.3879452
7623570507,5848768692,Boulevard de l’Europe,trunk,34.36,True,2,,50,0,6.3771565,2.3879452,6.3771298,2.388255
5848768692,3634748205,Boulevard de l’Europe,trunk,78.69,True,2,,50,0,6.3771298,2.388255,6.3770732,2.3889648
3634748205,5848990354,Boulevard de l’Europe,trunk,18.55,True,2,,50,0,6.3770732,2.3889648,6.3770592,2.3891321
5848990354,7623570506,Boulevard de l’Europe,trunk,13.23,True,2,,50,0,6.3770592,2.3891321,6.3770392,2.3892501
7623570506,7623570505,Boulevard de l’Europe,trunk,10.65,True,2,,50,0,6.3770392,2.3892501,6.3770178,2.389344
7623570505,7623570504,Boulevard de l’Europe,trunk,12.61,True,2,,50,0,6.3770178,2.389344,6.3769872,2.3894539
7623570504,356270175,Boulevard de l’Europe,trunk,15.34,True,2,,50,0,6.3769872,2.3894539,6.376943,2.3895854
356270231,7623570508,Boulevard de l’Europe,trunk,14.87,True,2,,50,0,6.3772967,2.3896421,6.3772591,2.389513
7623570509,7623570510,Boulevard de l’Europe,trunk,10.81,True,2,,50,0,6.3772431,2.3894566,6.3772271,2.3893601
7623570510,2488243364,Boulevard de l’Europe,trunk,17.15,True,2,,50,0,6.3772271,2.3893601,6.3772209,2.389205
2488243364,7623570511,Boulevard de l’Europe,trunk,20.81,True,2,,50,0,6.3772209,2.389205,6.3772218,2.3890167
7623570511,3634748398,Boulevard de l’Europe,trunk,69.24,True,2,,50,0,6.3772218,2.3890167,6.3772283,2.3883902
3634748398,2488243366,Boulevard de l’Europe,trunk,17.63,True,2,,50,0,6.3772283,2.3883902,6.3772298,2.3882307
2488243366,2488243371,Boulevard de l’Europe,trunk,138.59,True,2,,50,0,6.3772298,2.3882307,6.3773139,2.3869794
2488243371,7804269058,Boulevard de l’Europe,trunk,81.56,True,2,,50,0,6.3773139,2.3869794,6.3773593,2.3862428
7804269058,4434239698,Boulevard de l’Europe,trunk,134.89,True,2,,50,0,6.3773593,2.3862428,6.3774351,2.3850245
4434239698,2488243379,Boulevard de l’Europe,trunk,218.99,True,2,,50,0,6.3774351,2.3850245,6.377541,2.3830457
2488243379,5848768721,Boulevard de l’Europe,trunk,29.95,True,2,,50,0,6.377541,2.3830457,6.3775577,2.3827752
5848768721,2488243380,Boulevard de l’Europe,trunk,27.79,True,2,,50,0,6.3775577,2.3827752,6.3775896,2.3825258
2488243380,5848768722,Boulevard de l’Europe,trunk,25.15,True,2,,50,0,6.3775896,2.3825258,6.3776216,2.3823005
5848768722,5848768715,Boulevard de l’Europe,trunk,19.99,True,2,,50,0,6.3776216,2.3823005,6.3776696,2.3821262
5848768715,5848768723,Boulevard de l’Europe,trunk,26.39,True,2,,50,0,6.3776696,2.3821262,6.3777309,2.3818955
5848768723,4137973165,Boulevard de l’Europe,trunk,20.35,True,2,,50,0,6.3777309,2.3818955,6.3778,2.381725
4137973165,2488243382,Boulevard de l’Europe,trunk,20.53,True,2,,50,0,6.3778,2.381725,6.3778766,2.381556
2488243382,7770591673,Boulevard de l’Europe,trunk,23.23,True,2,,50,0,6.3778766,2.381556,6.3779735,2.3813698
7770591673,7770591674,Boulevard de l’Europe,trunk,16.07,True,2,,50,0,6.3779735,2.3813698,6.3780454,2.3812437
7770591674,7770591675,Boulevard de l’Europe,trunk,21.81,True,2,,50,0,6.3780454,2.3812437,6.3781467,2.3810747
7770591675,5848768724,Boulevard de l’Europe,trunk,25.35,True,2,,50,0,6.3781467,2.3810747,6.3782867,2.3808937
5848768724,7770613667,Boulevard de l’Europe,trunk,23.97,True,2,,50,0,6.3782867,2.3808937,6.3784266,2.3807287
7770613667,4137973166,Boulevard de l’Europe,trunk,23.12,True,2,,50,0,6.3784266,2.3807287,6.3785703,2.3805775
4137973166,5848768720,Boulevard de l’Europe,trunk,23.1,True,2,,50,0,6.3785703,2.3805775,6.3787145,2.380427
5848768720,7770613668,Boulevard de l’Europe,trunk,25.79,True,2,,50,0,6.3787145,2.380427,6.3788931,2.3802781
7770613668,2488243388,Boulevard de l’Europe,trunk,21.31,True,2,,50,0,6.3788931,2.3802781,6.3790486,2.3801654
2488243388,5848768719,Boulevard de l’Europe,trunk,22.85,True,2,,50,0,6.3790486,2.3801654,6.379221,2.3800528
5848768719,5848768725,Boulevard de l’Europe,trunk,22.83,True,2,,50,0,6.379221,2.3800528,6.3793996,2.3799509
5848768725,2488243389,Boulevard de l’Europe,trunk,19.5,True,2,,50,0,6.3793996,2.3799509,6.3795574,2.379874
2488243389,7804269116,Boulevard de l’Europe,trunk,18.28,True,2,,50,0,6.3795574,2.379874,6.3797061,2.3798034
7804269116,2552327935,Boulevard de l’Europe,trunk,26.49,True,2,,50,0,6.3797061,2.3798034,6.3799286,2.3797177
2552327935,5896270554,Boulevard de l’Europe,trunk,197.1,True,2,,50,0,6.3799286,2.3797177,6.3816453,2.3792736
5896270554,5896270555,Boulevard de l’Europe,trunk,28.23,True,2,,50,0,6.3816453,2.3792736,6.3818892,2.3792026
5896270555,2488243390,Boulevard de l’Europe,trunk,31.43,True,2,,50,0,6.3818892,2.3792026,6.3821595,2.3791195
2488243390,5953981514,Boulevard de l’Europe,trunk,30.51,True,2,,50,0,6.3821595,2.3791195,6.382417,2.3790242
5953981514,5896209805,Boulevard de l’Europe,trunk,35.19,True,2,,50,0,6.382417,2.3790242,6.3827076,2.3788981
5896209805,7770073478,Boulevard de l’Europe,trunk,33.61,True,2,,50,0,6.3827076,2.3788981,6.3829821,2.3787707
7770073478,5896209804,Boulevard de l’Europe,trunk,29.9,True,2,,50,0,6.3829821,2.3787707,6.3832193,2.3786433
5896209804,2488243393,Boulevard de l’Europe,trunk,12.24,True,2,,50,0,6.3832193,2.3786433,6.3833155,2.3785895
2423370672,3705034026,Unknown,secondary,21.3,True,2,,50,0,6.3672494,2.404535,6.3673943,2.404409
3705034026,9446833207,Unknown,secondary,29.74,True,2,,50,0,6.3673943,2.404409,6.3675993,2.4042361
9446833207,2782351017,Unknown,secondary,35.09,True,2,,50,0,6.3675993,2.4042361,6.3678552,2.4040503
2782351017,2782351022,Unknown,secondary,65.64,True,2,,50,0,6.3678552,2.4040503,6.3683162,2.4036793
2782351022,1531173042,Unknown,secondary,20.64,True,2,,50,0,6.3683162,2.4036793,6.3684335,2.4035345
1531173042,7699127626,Unknown,secondary,16.97,True,2,,50,0,6.3684335,2.4035345,6.3684944,2.4033937
5954244529,2782351025,Unknown,secondary,24.24,True,2,,50,0,6.3685225,2.4033357,6.3686334,2.4031469
2782351025,5851865500,Unknown,secondary,21.39,True,2,,50,0,6.3686334,2.4031469,6.3687321,2.4029808
5851865500,4618293742,Unknown,secondary,18.04,True,2,,50,0,6.3687321,2.4029808,6.3688161,2.4028411
4618293742,2782351030,Unknown,secondary,22.43,True,2,,50,0,6.3688161,2.4028411,6.368906,2.4026594
2782351030,1531173052,Unknown,secondary,16.78,True,2,,50,0,6.368906,2.4026594,6.3689686,2.4025212
1531173052,2782351032,Unknown,secondary,68.59,True,2,,50,0,6.3689686,2.4025212,6.3692032,2.4019472
2782351032,1531173056,Unknown,secondary,30.22,True,2,,50,0,6.3692032,2.4019472,6.3692872,2.4016871
1531173056,2782351037,Unknown,secondary,48.21,True,2,,50,0,6.3692872,2.4016871,6.3694155,2.4012704
2782351037,4618293748,Unknown,secondary,47.55,True,2,,50,0,6.3694155,2.4012704,6.3694638,2.4008429
4618293748,2782351038,Unknown,secondary,46.25,True,2,,50,0,6.3694638,2.4008429,6.3694984,2.4004258
2782351038,5851728570,Unknown,secondary,26.27,True,2,,50,0,6.3694984,2.4004258,6.3694941,2.4001881
5851728570,5851728566,Unknown,secondary,25.89,True,2,,50,0,6.3694941,2.4001881,6.3694728,2.3999548
5851728566,4618293747,Unknown,secondary,23.77,True,2,,50,0,6.3694728,2.3999548,6.3694411,2.3997421
4618293747,1531173054,Unknown,secondary,52.92,True,2,,50,0,6.3694411,2.3997421,6.3693484,2.3992724
1531173054,5892822171,Unknown,secondary,23.98,True,2,,50,0,6.3693484,2.3992724,6.3693126,2.3990584
5892822171,2782351031,Unknown,secondary,109.56,True,2,,50,0,6.3693126,2.3990584,6.3691408,2.3980822
2782351031,5890513883,Unknown,secondary,75.62,True,2,,50,0,6.3691408,2.3980822,6.368997,2.3974134
5890513883,10961222853,Unknown,secondary,52.59,True,2,,50,0,6.368997,2.3974134,6.3689143,2.3969448
10961222853,1531173050,Unknown,secondary,39.55,True,2,,50,0,6.3689143,2.3969448,6.3688402,2.3965948
1531173050,2783251290,Unknown,secondary,24.57,True,2,,50,0,6.3688402,2.3965948,6.3687839,2.3963798
2783251290,5954244528,Unknown,secondary,185.27,True,2,,50,0,6.3687839,2.3963798,6.3684919,2.3947292
5954244528,1531173040,Unknown,secondary,12.94,True,2,,50,0,6.3684919,2.3947292,6.3684701,2.3946142
1531173040,4148791158,Unknown,secondary,22.95,True,2,,50,0,6.3684701,2.3946142,6.3684304,2.3944104
2772001380,2772038852,Avenue du Renouveau,secondary,72.45,False,2,,50,0,6.3847456,2.4058335,6.3852526,2.4054217
2772038852,2772038860,Avenue du Renouveau,secondary,66.18,False,2,,50,0,6.3852526,2.4054217,6.385717,2.4050471
2772038860,2772038864,Avenue du Renouveau,secondary,65.4,False,2,,50,0,6.385717,2.4050471,6.3861771,2.4046784
2772038864,2772038871,Avenue du Renouveau,secondary,65.42,False,2,,50,0,6.3861771,2.4046784,6.3866373,2.4043095
356225688,5892749379,Unknown,trunk,11.48,True,2,,50,0,6.3720785,2.4093789,6.3720778,2.409275
5953981511,2772189234,Unknown,trunk,33.77,True,2,,50,0,6.3721504,2.4090864,6.3723427,2.4088499
2772189234,2772189236,Unknown,trunk,66.45,True,2,,50,0,6.3723427,2.4088499,6.3727357,2.4083969
2772189236,1531575210,Unknown,trunk,55.24,True,2,,50,0,6.3727357,2.4083969,6.3730676,2.408025
1531575210,2772189239,Unknown,trunk,71.13,True,2,,50,0,6.3730676,2.408025,6.3735006,2.4075512
2772189239,2772189241,Unknown,trunk,64.63,True,2,,50,0,6.3735006,2.4075512,6.3738646,2.4070953
2772189241,2772189245,Unknown,trunk,73.39,True,2,,50,0,6.3738646,2.4070953,6.374282,2.4065808
2772189245,2772189247,Unknown,trunk,60.82,True,2,,50,0,6.374282,2.4065808,6.3746346,2.40616
2772189247,2772189250,Unknown,trunk,67.0,True,2,,50,0,6.3746346,2.40616,6.3749932,2.4056728
2772189250,1569336272,Unknown,trunk,81.87,True,2,,50,1,6.3749932,2.4056728,6.3753796,2.4050422
1569336272,4618263328,Unknown,trunk,15.96,True,2,,50,0,6.3753796,2.4050422,6.3754531,2.4049182
4618263328,2772106479,Unknown,trunk,79.49,True,2,,50,0,6.3754531,2.4049182,6.3757567,2.404267
2772106479,7698549942,Unknown,trunk,14.86,True,2,,50,0,6.3757567,2.404267,6.3758143,2.4041457
7698549942,7698549943,Unknown,trunk,19.18,True,2,,50,0,6.3758143,2.4041457,6.3758823,2.4039862
7698549943,4618263327,Unknown,trunk,21.49,True,2,,50,0,6.3758823,2.4039862,6.3759545,2.4038058
4618263327,7624815316,Unknown,trunk,27.94,True,2,,50,0,6.3759545,2.4038058,6.3760462,2.4035704
7624815316,1531575223,Unknown,trunk,33.09,True,2,,50,0,6.3760462,2.4035704,6.3761381,2.4032856
1531575223,2772118156,Unknown,trunk,34.14,True,2,,50,0,6.3761381,2.4032856,6.3762309,2.4029911
2772118156,7624815324,Unknown,trunk,28.38,True,2,,50,0,6.3762309,2.4029911,6.3762915,2.4027416
7624815324,4618263330,Unknown,trunk,27.8,True,2,,50,0,6.3762915,2.4027416,6.37635,2.402497
4618263330,7624815325,Unknown,trunk,27.1,True,2,,50,0,6.37635,2.402497,6.3763954,2.4022561
7624815325,1531575235,Unknown,trunk,32.86,True,2,,50,0,6.3763954,2.4022561,6.3764393,2.401962
1531575235,4618263331,Unknown,trunk,33.38,True,2,,50,0,6.3764393,2.401962,6.3764778,2.4016624
4618263331,4618263332,Unknown,trunk,28.48,True,2,,50,0,6.3764778,2.4016624,6.3765037,2.401406
4618263332,7624815326,Unknown,trunk,25.04,True,2,,50,0,6.3765037,2.401406,6.376526,2.4011805
7624815326,2772106489,Unknown,trunk,47.07,True,2,,50,0,6.376526,2.4011805,6.3765448,2.400755
2772106489,2772119312,Unknown,trunk,100.82,True,2,,50,0,6.3765448,2.400755,6.3766004,2.3998444
2772119312,2772119313,Unknown,trunk,99.32,True,2,,50,0,6.3766004,2.3998444,6.376659,2.3989476
2772119313,2772119314,Unknown,trunk,97.84,True,2,,50,0,6.376659,2.3989476,6.376714,2.398064
2772119314,2772038748,Unknown,trunk,99.83,True,2,,50,0,6.376714,2.398064,6.3767673,2.3971622
2772038748,1531575242,Unknown,trunk,142.82,True,2,,50,0,6.3767673,2.3971622,6.3768204,2.3958709
1531575242,2481870009,Unknown,trunk,16.46,True,2,,50,0,6.3768204,2.3958709,6.376835,2.3957227
2481870009,2499506944,Unknown,trunk,388.96,True,2,,50,0,6.376835,2.3957227,6.3770329,2.3922086
2499506944,5848990347,Unknown,trunk,209.85,True,2,,50,0,6.3770329,2.3922086,6.3771456,2.390313
5892789454,5892828019,Unknown,trunk,13.29,True,2,,50,0,6.3771593,2.3902291,6.377182,2.390111
5892828019,356270227,Unknown,trunk,20.34,True,2,,50,0,6.377182,2.390111,6.3772257,2.3899323
355520496,2488584763,Avenue du Canada,secondary,12.89,True,2,,50,0,6.361717,2.3974362,6.3617846,2.3975309
2488584763,355516121,Avenue du Canada,secondary,208.38,True,2,,50,0,6.3617846,2.3975309,6.3629331,2.3990209
355516121,5888311782,Avenue du Canada,secondary,138.21,True,2,,50,0,6.3629331,2.3990209,6.3637174,2.3999911
5888311782,2423442703,Avenue du Canada,secondary,69.33,True,2,,50,0,6.3637174,2.3999911,6.3641025,2.4004845
2423442703,355513168,Avenue du Canada,secondary,168.1,True,2,,50,0,6.3641025,2.4004845,6.365036,2.401681
355513168,2423370670,Avenue du Canada,secondary,184.23,True,2,,50,0,6.365036,2.401681,6.3660594,2.4029921
2423370670,2423459065,Avenue du Canada,secondary,182.67,True,2,,50,0,6.3660594,2.4029921,6.3670754,2.4042911
3536503894,9446833195,Avenue du Canada,secondary,12.52,True,2,,50,0,6.3671228,2.404349,6.367187,2.4044421
9446833195,2423370672,Avenue du Canada,secondary,12.39,True,2,,50,0,6.367187,2.4044421,6.3672494,2.404535
2423370672,2423370673,Avenue du Canada,secondary,154.35,True,2,,50,0,6.3672494,2.404535,6.3681151,2.4056268
2423370673,2423429206,Avenue du Canada,secondary,180.66,True,2,,50,0,6.3681151,2.4056268,6.3691073,2.4069213
2423429206,2770084306,Avenue du Canada,secondary,144.21,True,2,,50,0,6.3691073,2.4069213,6.3699196,2.4079386
2770084306,10680204717,Avenue du Canada,secondary,52.47,True,2,,50,0,6.3699196,2.4079386,6.370211,2.408312
10680204717,5074451562,Avenue du Canada,secondary,94.32,True,2,,50,0,6.370211,2.408312,6.3707348,2.4089833
5074451562,5954244539,Avenue du Canada,secondary,13.74,True,2,,50,0,6.3707348,2.4089833,6.3708111,2.4090811
5954244539,5892666655,Avenue du Canada,secondary,10.05,True,2,,50,0,6.3708111,2.4090811,6.3708669,2.4091526
5892666655,356225459,Avenue du Canada,secondary,14.16,True,2,,50,0,6.3708669,2.4091526,6.3709457,2.4092532
7695913821,2488243394,Unknown,trunk_link,19.14,True,2,,50,0,6.3836605,2.3778346,6.3835121,2.3779224
877155455,7695913849,Unknown,trunk_link,17.78,True,2,,50,0,6.3832665,2.3781738,6.3831847,2.378312
355518410,355519473,Rue 12.191,primary,283.94,True,2,,50,0,6.3671337,2.3946145,6.3696007,2.3939512
355514416,355520231,Rue 12.191,primary,14.67,True,2,,50,0,6.3567753,2.3994342,6.3568991,2.3993882
355520231,2782350967,Rue 12.191,primary,20.81,True,2,,50,0,6.3568991,2.3993882,6.3570759,2.3993264
355518585,355520254,Rue 12.191,primary,14.99,True,2,,50,0,6.3571519,2.3993057,6.3572831,2.3992745
355520254,7702197526,Rue 12.191,primary,69.78,True,2,,50,0,6.3572831,2.3992745,6.3578929,2.3991253
7702197526,7702197527,Rue 12.191,primary,69.09,True,2,,50,0,6.3578929,2.3991253,6.3584942,2.3989679
7702197527,7702197521,Rue 12.191,primary,71.61,True,2,,50,0,6.3584942,2.3989679,6.3591187,2.3988098
7702197521,5885175533,Rue 12.191,primary,21.35,True,2,,50,0,6.3591187,2.3988098,6.3593045,2.3987612
5885175533,7702197520,Rue 12.191,primary,47.96,True,2,,50,0,6.3593045,2.3987612,6.3597163,2.3986321
7702197520,355519521,Rue 12.191,primary,23.15,True,2,,50,0,6.3597163,2.3986321,6.359913,2.3985634
355519521,5888395771,Rue 12.191,primary,14.42,True,2,,50,0,6.359913,2.3985634,6.3600329,2.3985138
5888395771,355519698,Rue 12.191,primary,29.16,True,2,,50,0,6.3600329,2.3985138,6.3602722,2.3984058
355519698,7702197519,Rue 12.191,primary,66.49,True,2,,50,0,6.3602722,2.3984058,6.3608011,2.3981252
7702197519,7702197518,Rue 12.191,primary,67.37,True,2,,50,0,6.3608011,2.3981252,6.361326,2.3978208
7702197518,2488584763,Rue 12.191,primary,60.22,True,2,,50,0,6.361326,2.3978208,6.3617846,2.3975309
2488584763,355520512,Rue 12.191,primary,19.22,True,2,,50,0,6.3617846,2.3975309,6.3619336,2.3974427
355520512,2424160699,Rue 12.191,primary,65.39,True,2,,50,0,6.3619336,2.3974427,6.3624281,2.3971224
2424160699,4409440861,Rue 12.191,primary,35.51,True,2,,50,0,6.3624281,2.3971224,6.3627013,2.396956
4409440861,355519456,Rue 12.191,primary,350.77,True,2,,50,0,6.3627013,2.396956,6.3654416,2.3953836
355519456,2491592897,Rue 12.191,primary,35.82,True,2,,50,0,6.3654416,2.3953836,6.3657256,2.3952306
2491592897,5953981496,Rue 12.191,primary,26.21,True,2,,50,0,6.3657256,2.3952306,6.3659274,2.395108
5953981496,5888395773,Rue 12.191,primary,18.89,True,2,,50,0,6.3659274,2.395108,6.3660787,2.3950303
5888395773,355518455,Rue 12.191,primary,24.35,True,2,,50,0,6.3660787,2.3950303,6.3662753,2.3949332
355518455,5888395774,Rue 12.191,primary,21.12,True,2,,50,0,6.3662753,2.3949332,6.3664499,2.3948579
5888395774,355518655,Rue 12.191,primary,27.05,True,2,,50,0,6.3664499,2.3948579,6.3666783,2.3947737
355518655,5953981502,Rue 12.191,primary,18.51,True,2,,50,0,6.3666783,2.3947737,6.3668338,2.3947138
5953981502,355520424,Rue 12.191,primary,19.96,True,2,,50,0,6.3668338,2.3947138,6.3670037,2.3946554
355520424,355518410,Rue 12.191,primary,15.15,True,2,,50,0,6.3670037,2.3946554,6.3671337,2.3946145
356271587,2488584771,Unknown,primary_link,17.03,True,2,,50,0,6.3705334,2.3936088,6.3703827,2.3935814
5892827997,5892827993,Unknown,primary_link,47.42,True,2,,50,0,6.3702862,2.3935973,6.3698757,2.3937137
5892827993,2488584770,Unknown,primary_link,43.48,True,2,,50,0,6.3698757,2.3937137,6.3694966,2.3938102
2491592897,5888395759,Unknown,primary_link,10.91,True,2,,50,0,6.3657256,2.3952306,6.3658235,2.395224
2782866447,4409440953,Unknown,primary_link,39.76,True,2,,50,0,6.3659473,2.3951841,6.3662686,2.3950262
4409440953,2491592898,Unknown,primary_link,19.07,True,2,,50,0,6.3662686,2.3950262,6.3664248,2.394955
2491592898,4409440969,Unknown,primary_link,13.34,True,2,,50,0,6.3664248,2.394955,6.3665365,2.3949109
4409440969,5888395775,Unknown,primary_link,43.92,True,2,,50,0,6.3665365,2.3949109,6.3669051,2.3947681
5888395775,5888395760,Unknown,primary_link,24.73,True,2,,50,0,6.3669051,2.3947681,6.3671177,2.3947024
5888395760,2782866450,Unknown,primary_link,20.11,True,2,,50,0,6.3671177,2.3947024,6.3672929,2.3946574
2782866450,5890542796,Unknown,primary_link,32.39,True,2,,50,0,6.3672929,2.3946574,6.3675757,2.3945873
5890542796,4148791148,Unknown,primary_link,67.26,True,2,,50,0,6.3675757,2.3945873,6.3681517,2.3944014
2783251291,2491592906,Unknown,primary_link,60.35,True,2,,50,0,6.3689645,2.3942088,6.3694878,2.3940641
2491592906,2491592909,Unknown,primary_link,50.77,True,2,,50,0,6.3694878,2.3940641,6.3699289,2.3939456
2491592909,5892827996,Unknown,primary_link,45.02,True,2,,50,0,6.3699289,2.3939456,6.3703201,2.3938405
2491592911,2491592914,Unknown,primary_link,15.47,True,2,,50,0,6.3704443,2.3937922,6.3705465,2.3936972
1531017619,2782992575,Avenue du Renouveau,secondary,16.81,False,2,,50,0,6.3860148,2.3840747,6.3861295,2.3841738
2782992575,2505169987,Avenue du Renouveau,secondary,13.04,False,2,,50,1,6.3861295,2.3841738,6.3862209,2.3842478
2505169987,2782982217,Avenue du Renouveau,secondary,75.28,False,2,,50,0,6.3862209,2.3842478,6.3867661,2.3846517
2782982217,2782982218,Avenue du Renouveau,secondary,59.46,False,2,,50,0,6.3867661,2.3846517,6.3871808,2.3849914
2782982218,2782982219,Avenue du Renouveau,secondary,40.02,False,2,,50,0,6.3871808,2.3849914,6.3874551,2.3852258
2782982219,2552327987,Avenue du Renouveau,secondary,66.16,False,2,,50,0,6.3874551,2.3852258,6.3879098,2.385612
2552327987,2505169989,Avenue du Renouveau,secondary,21.29,False,2,,50,0,6.3879098,2.385612,6.3880546,2.3857381
2505169989,2782966110,Avenue du Renouveau,secondary,25.22,False,2,,50,0,6.3880546,2.3857381,6.3882279,2.3858853
2782966110,2771945950,Avenue du Renouveau,secondary,65.71,False,2,,50,0,6.3882279,2.3858853,6.3886702,2.3862797
2771945950,2771945954,Avenue du Renouveau,secondary,58.71,False,2,,50,0,6.3886702,2.3862797,6.3890743,2.3866216
2771945954,2505169992,Avenue du Renouveau,secondary,22.5,False,2,,50,0,6.3890743,2.3866216,6.3892295,2.3867523
2505169992,5891055313,Avenue du Renouveau,secondary,43.52,False,2,,50,0,6.3892295,2.3867523,6.3895154,2.3870212
5891055313,2782966113,Avenue du Renouveau,secondary,69.51,False,2,,50,0,6.3895154,2.3870212,6.3899446,2.3874785
2782966113,2483237652,Avenue du Renouveau,secondary,20.04,False,2,,50,0,6.3899446,2.3874785,6.3900565,2.3876207
2483237652,5861237204,Avenue du Renouveau,secondary,16.72,False,2,,50,0,6.3900565,2.3876207,6.3901445,2.3877434
5861237204,5861237203,Avenue du Renouveau,secondary,17.85,False,2,,50,0,6.3901445,2.3877434,6.3902351,2.3878768
5861237203,2782921028,Avenue du Renouveau,secondary,17.35,False,2,,50,0,6.3902351,2.3878768,6.3903189,2.3880092
2782921028,2782921030,Avenue du Renouveau,secondary,53.28,False,2,,50,0,6.3903189,2.3880092,6.3905354,2.3884393
2782921030,2505169999,Avenue du Renouveau,secondary,10.17,False,2,,50,0,6.3905354,2.3884393,6.3905697,2.3885246
2505169999,2505170001,Avenue du Renouveau,secondary,68.57,False,2,,50,0,6.3905697,2.3885246,6.3908268,2.3890886
2505170001,2483237662,Avenue du Renouveau,secondary,28.3,False,2,,50,0,6.3908268,2.3890886,6.3909065,2.3893318
2483237662,7769991280,Avenue du Renouveau,secondary,16.99,False,2,,50,0,6.3909065,2.3893318,6.3909442,2.3894808
7769991280,2505170009,Avenue du Renouveau,secondary,16.14,False,2,,50,0,6.3909442,2.3894808,6.3909632,2.3896256
2505170009,5953770147,Avenue du Renouveau,secondary,15.77,False,2,,50,0,6.3909632,2.3896256,6.3909748,2.3897678
5953770147,2505170010,Avenue du Renouveau,secondary,19.19,False,2,,50,0,6.3909748,2.3897678,6.3909793,2.3899414
2505170010,2483237664,Avenue du Renouveau,secondary,95.51,False,2,,50,0,6.3909793,2.3899414,6.3909291,2.3908042
2483237664,2782950719,Avenue du Renouveau,secondary,35.67,False,2,,50,0,6.3909291,2.3908042,6.3909336,2.391127
2782950719,2771966891,Avenue du Renouveau,secondary,129.96,False,2,,50,0,6.3909336,2.391127,6.3908859,2.3923021
2771966891,2782950718,Avenue du Renouveau,secondary,108.19,False,2,,50,0,6.3908859,2.3923021,6.3908575,2.3932807
2782950718,2782921033,Avenue du Renouveau,secondary,99.06,False,2,,50,0,6.3908575,2.3932807,6.3908466,2.3941771
2782921033,2483237661,Avenue du Renouveau,secondary,34.65,False,2,,50,0,6.3908466,2.3941771,6.3908401,2.3944906
1531017619,2423479967,Avenue du Renouveau,secondary,35.96,False,2,,50,0,6.3860148,2.3840747,6.3857929,2.383838
5953770149,5890710401,Avenue du Renouveau,secondary,12.13,False,2,,50,0,6.385743,2.3837703,6.3856804,2.3836804
5890710401,5891055308,Avenue du Renouveau,secondary,24.9,False,2,,50,0,6.3856804,2.3836804,6.385557,2.3834924
5891055308,2505169986,Avenue du Renouveau,secondary,11.27,False,2,,50,0,6.385557,2.3834924,6.3855084,2.3834029
2505169986,5890710402,Avenue du Renouveau,secondary,29.15,False,2,,50,0,6.3855084,2.3834029,6.3853813,2.3831722
5890710402,2552327971,Avenue du Renouveau,secondary,124.18,False,2,,50,0,6.3853813,2.3831722,6.3849185,2.3821495
2552327971,2552327967,Avenue du Renouveau,secondary,69.85,False,2,,50,0,6.3849185,2.3821495,6.3846713,2.3815684
2552327967,2782057656,Avenue du Renouveau,secondary,13.1,False,2,,50,0,6.3846713,2.3815684,6.3846168,2.3814633
2782057656,2782057654,Avenue du Renouveau,secondary,142.2,False,2,,50,0,6.3846168,2.3814633,6.3841557,2.380263
2782057654,5896209799,Avenue du Renouveau,secondary,163.08,False,2,,50,0,6.3841557,2.380263,6.3835929,2.3789002
5836380864,5836343786,Avenue du Renouveau,secondary,45.41,True,1,,50,0,6.3887922,2.402393,6.3891416,2.4021803
5836343786,5836357896,Avenue du Renouveau,secondary,41.67,True,1,,50,0,6.3891416,2.4021803,6.3894433,2.4019566
5836357896,2782911382,Avenue du Renouveau,secondary,27.92,True,1,,50,0,6.3894433,2.4019566,6.3896472,2.4018091
2499506995,5953770142,Avenue du Renouveau,secondary,11.2,True,1,,50,0,6.3897202,2.4017573,6.3898,2.4016955
5953770142,2505169995,Avenue du Renouveau,secondary,11.07,True,1,,50,0,6.3898,2.4016955,6.3898681,2.4016224
2505169995,2505169996,Avenue du Renouveau,secondary,10.45,True,1,,50,0,6.3898681,2.4016224,6.3899151,2.4015405
2505169996,5953770141,Avenue du Renouveau,secondary,45.51,True,1,,50,0,6.3899151,2.4015405,6.3901092,2.4011779
5953770141,2771966869,Avenue du Renouveau,secondary,14.14,True,1,,50,0,6.3901092,2.4011779,6.3901634,2.4010621
2771966869,2505169998,Avenue du Renouveau,secondary,22.08,True,1,,50,0,6.3901634,2.4010621,6.3902302,2.4008739
1569336272,2772106486,Rue 150,secondary,125.02,True,2,,50,0,6.3753796,2.4050422,6.3760788,2.4059282
2772106486,2772118161,Rue 150,secondary,227.11,True,2,,50,0,6.3760788,2.4059282,6.377341,2.4075439
2772118161,5892666648,Rue 150,secondary,189.22,True,2,,50,0,6.377341,2.4075439,6.3784123,2.4088743
5892666648,2770108419,Rue 150,secondary,177.36,True,2,,50,0,6.3784123,2.4088743,6.3793935,2.4101397
2770108419,2772189293,Rue 150,secondary,169.97,True,2,,50,0,6.3793935,2.4101397,6.3803224,2.4113612
2772189293,2772189304,Rue 150,secondary,313.68,True,2,,50,0,6.3803224,2.4113612,6.3820791,2.4135822
2772189304,2772189306,Rue 150,secondary,190.49,True,2,,50,0,6.3820791,2.4135822,6.3831788,2.4149039
2772189306,5887788712,Rue 150,secondary,154.12,True,2,,50,0,6.3831788,2.4149039,6.3840484,2.4159899
5954246507,5887475505,Rue 150,secondary,12.91,True,2,,50,0,6.3841017,2.4160588,6.3841654,2.4161565
2505169998,5836492953,Avenue du Renouveau,secondary,17.53,False,2,,50,0,6.3902302,2.4008739,6.390311,2.4007377
5836492953,5953770145,Avenue du Renouveau,secondary,33.87,False,2,,50,0,6.390311,2.4007377,6.3904377,2.400459
5953770145,2771966880,Avenue du Renouveau,secondary,23.78,False,2,,50,0,6.3904377,2.400459,6.3905275,2.4002637
2771966880,2505170000,Avenue du Renouveau,secondary,27.0,False,2,,50,0,6.3905275,2.4002637,6.3906201,2.4000378
2505170000,5836476577,Avenue du Renouveau,secondary,13.82,False,2,,50,0,6.3906201,2.4000378,6.3906509,2.3999166
5836476577,2505170002,Avenue du Renouveau,secondary,13.58,False,2,,50,0,6.3906509,2.3999166,6.3906664,2.3997947
2505170002,2505170004,Avenue du Renouveau,secondary,57.87,False,2,,50,0,6.3906664,2.3997947,6.3907013,2.3992722
2505170004,2782911400,Avenue du Renouveau,secondary,30.53,False,2,,50,0,6.3907013,2.3992722,6.3907108,2.3989961
2782911400,2771966884,Avenue du Renouveau,secondary,10.99,False,2,,50,0,6.3907108,2.3989961,6.3907071,2.3988967
2771966884,2782911401,Avenue du Renouveau,secondary,91.47,False,2,,50,0,6.3907071,2.3988967,6.3907256,2.3980692
2782911401,2782911407,Avenue du Renouveau,secondary,49.12,False,2,,50,0,6.3907256,2.3980692,6.3907405,2.3976249
2782911407,2782911411,Avenue du Renouveau,secondary,51.47,False,2,,50,0,6.3907405,2.3976249,6.3907707,2.3971601
2782911411,2782911412,Avenue du Renouveau,secondary,41.69,False,2,,50,0,6.3907707,2.3971601,6.3907822,2.396783
2782911412,2505170007,Avenue du Renouveau,secondary,31.49,False,2,,50,0,6.3907822,2.396783,6.390784,2.396498
2505170007,2771966887,Avenue du Renouveau,secondary,46.55,False,2,,50,0,6.390784,2.396498,6.3907905,2.3960768
2771966887,2771966889,Avenue du Renouveau,secondary,65.83,False,2,,50,0,6.3907905,2.3960768,6.3908158,2.3954816
2771966889,5836467512,Avenue du Renouveau,secondary,13.06,False,2,,50,0,6.3908158,2.3954816,6.3908152,2.3953634
5836467512,2483237661,Avenue du Renouveau,secondary,96.49,False,2,,50,0,6.3908152,2.3953634,6.3908401,2.3944906
2505169998,2771974404,Avenue du Renouveau,secondary,23.16,True,1,,50,0,6.3902302,2.4008739,6.3901009,2.4010382
2771974404,5836343808,Avenue du Renouveau,secondary,33.52,True,1,,50,0,6.3901009,2.4010382,6.3899346,2.4012912
5953770144,2771974397,Avenue du Renouveau,secondary,10.15,True,1,,50,0,6.3898926,2.4013562,6.3898366,2.4014287
2771974397,5836343807,Avenue du Renouveau,secondary,16.72,True,1,,50,0,6.3898366,2.4014287,6.389728,2.4015333
5836343807,2771974395,Avenue du Renouveau,secondary,16.36,True,1,,50,0,6.389728,2.4015333,6.38962,2.4016339
2771974395,5836343785,Avenue du Renouveau,secondary,33.13,True,1,,50,0,6.38962,2.4016339,6.3893955,2.401831
5836357897,5836357895,Avenue du Renouveau,secondary,27.36,True,1,,50,0,6.3893568,2.4018659,6.3891735,2.4020311
2771974386,2782911377,Avenue du Renouveau,secondary,14.82,True,1,,50,0,6.3891544,2.4020483,6.3890581,2.402141
2782911377,5836380864,Avenue du Renouveau,secondary,40.62,True,1,,50,0,6.3890581,2.402141,6.3887922,2.402393
2423460769,9446833174,Avenue Dorothée Lima,secondary,22.4,True,2,,50,0,6.3660298,2.4058069,6.3661057,2.4056191
9446833174,7699127679,Avenue Dorothée Lima,secondary,13.99,True,2,,50,0,6.3661057,2.4056191,6.3661754,2.4055137
7699127679,355845674,Avenue Dorothée Lima,secondary,15.7,True,2,,50,0,6.3661754,2.4055137,6.366254,2.4053957
355845674,5851865506,Avenue Dorothée Lima,secondary,12.87,True,2,,50,0,6.366254,2.4053957,6.3663206,2.4053004
5851865506,2423460770,Avenue Dorothée Lima,secondary,11.64,True,2,,50,0,6.3663206,2.4053004,6.3663872,2.4052191
2423460770,2423460771,Avenue Dorothée Lima,secondary,62.28,True,2,,50,0,6.3663872,2.4052191,6.3668351,2.4048807
2423460771,2423370672,Avenue Dorothée Lima,secondary,59.85,True,2,,50,0,6.3668351,2.4048807,6.3672494,2.404535
4148791150,5954244532,Rue 11.056,secondary,37.13,True,2,,50,0,6.3682469,2.3944577,6.3682946,2.3947902
5954244532,5890542813,Rue 11.056,secondary,86.33,True,2,,50,0,6.3682946,2.3947902,6.3684479,2.395556
5892822170,5890513985,Rue 11.056,secondary,127.71,True,2,,50,0,6.3684612,2.3956324,6.3686821,2.3967665
5890513985,2488584769,Rue 11.056,secondary,197.79,True,2,,50,0,6.3686821,2.3967665,6.3690702,2.3985132
2488584769,5890513988,Rue 11.056,secondary,64.36,True,2,,50,0,6.3690702,2.3985132,6.3691689,2.3990871
5890513988,5851728568,Rue 11.056,secondary,73.3,True,2,,50,0,6.3691689,2.3990871,6.3692945,2.3997382
5851728568,5851728567,Rue 11.056,secondary,19.5,True,2,,50,0,6.3692945,2.3997382,6.3693252,2.3999119
5851728567,3705018726,Rue 11.056,secondary,33.58,True,2,,50,0,6.3693252,2.3999119,6.3693418,2.4002153
3705018726,5851728569,Rue 11.056,secondary,59.94,True,2,,50,0,6.3693418,2.4002153,6.3693088,2.4007567
5851728569,3705018725,Rue 11.056,secondary,38.03,True,2,,50,0,6.3693088,2.4007567,6.3692648,2.401098
3705018725,4185504280,Rue 11.056,secondary,30.74,True,2,,50,0,6.3692648,2.401098,6.369214,2.4013714
4185504280,5954244531,Rue 11.056,secondary,33.88,True,2,,50,0,6.369214,2.4013714,6.3691296,2.401666
5954244531,3705018625,Rue 11.056,secondary,18.13,True,2,,50,0,6.3691296,2.401666,6.3690735,2.40182
3705018625,3705018425,Rue 11.056,secondary,72.27,True,2,,50,0,6.3690735,2.40182,6.3688182,2.4024214
3705018425,7699127678,Rue 11.056,secondary,20.7,True,2,,50,0,6.3688182,2.4024214,6.3687344,2.4025887
7699127678,7699127677,Rue 11.056,secondary,24.92,True,2,,50,0,6.3687344,2.4025887,6.3686144,2.4027792
7699127677,3705018325,Rue 11.056,secondary,20.7,True,2,,50,0,6.3686144,2.4027792,6.3685045,2.4029304
3705018325,3705018225,Rue 11.056,secondary,69.56,True,2,,50,0,6.3685045,2.4029304,6.3681069,2.4034164
3705018225,3705018125,Rue 11.056,secondary,62.41,True,2,,50,0,6.3681069,2.4034164,6.3676937,2.4037986
3705018125,3705018026,Rue 11.056,secondary,68.43,True,2,,50,0,6.3676937,2.4037986,6.3672155,2.4041884
3705018026,2423459065,Rue 11.056,secondary,19.27,True,2,,50,0,6.3672155,2.4041884,6.3670754,2.4042911
356271500,4186451299,Unknown,secondary,119.55,False,2,,50,0,6.3668255,2.3912751,6.3662164,2.3903836
5952124922,3270644352,Unknown,secondary,80.09,False,2,,50,0,6.366146,2.3901728,6.3661342,2.3894482
3270644352,3270644351,Unknown,secondary,78.06,False,2,,50,0,6.3661342,2.3894482,6.3661447,2.3887419
3270644351,2782350994,Unknown,secondary,147.92,False,2,,50,0,6.3661447,2.3887419,6.3660503,2.3874067
2782350994,5887787276,Unknown,secondary,41.12,False,2,,50,0,6.3660503,2.3874067,6.366002,2.3870378
5887787276,3270644347,Unknown,secondary,69.46,False,2,,50,0,6.366002,2.3870378,6.3658936,2.3864188
3270644347,3270644346,Unknown,secondary,11.45,False,2,,50,0,6.3658936,2.3864188,6.3658753,2.3863168
3270644346,3270644345,Unknown,secondary,89.48,False,2,,50,0,6.3658753,2.3863168,6.3656927,2.3855282
5887788652,356271344,Unknown,secondary,17.65,False,2,,50,0,6.3656236,2.3854065,6.3655003,2.3853059
356271344,5887787271,Unknown,secondary,147.32,False,2,,50,0,6.3655003,2.3853059,6.3643505,2.3846436
5887787271,3268771975,Unknown,secondary,72.22,False,2,,50,0,6.3643505,2.3846436,6.3637687,2.3843532
3268771975,3270644295,Unknown,secondary,43.94,False,2,,50,0,6.3637687,2.3843532,6.3634193,2.3841675
3270644295,356271324,Unknown,secondary,59.65,False,2,,50,0,6.3634193,2.3841675,6.3629391,2.3839269
356271324,356271304,Unknown,secondary,72.93,False,2,,50,0,6.3629391,2.3839269,6.362363,2.3836115
356271304,5887788626,Unknown,secondary,13.19,False,2,,50,0,6.362363,2.3836115,6.3622595,2.3835531
5887788626,7695180133,Unknown,secondary,16.21,False,2,,50,0,6.3622595,2.3835531,6.3621475,2.3834592
7695180133,7695180134,Unknown,secondary,12.8,False,2,,50,0,6.3621475,2.3834592,6.3620622,2.3833814
7695180134,3270644158,Unknown,secondary,10.17,False,2,,50,0,6.3620622,2.3833814,6.3619969,2.383317
3270644158,5887788587,Unknown,secondary,13.88,False,2,,50,0,6.3619969,2.383317,6.3619342,2.3832084
5887788587,356271285,Unknown,secondary,13.59,False,2,,50,0,6.3619342,2.3832084,6.3618822,2.3830971
356271285,356271284,Unknown,secondary,15.95,False,2,,50,0,6.3618822,2.3830971,6.3618319,2.3829619
356271284,5887788597,Unknown,secondary,51.3,False,2,,50,0,6.3618319,2.3829619,6.3617001,2.382517
5887788597,3270644137,Unknown,secondary,187.52,False,2,,50,0,6.3617001,2.382517,6.36121,2.3808934
3270644137,3270644133,Unknown,secondary,93.68,False,2,,50,0,6.36121,2.3808934,6.3609652,2.3800823
3270644133,5879106549,Unknown,secondary,71.93,False,2,,50,0,6.3609652,2.3800823,6.36078,2.3794587
5879106549,2427955945,Unknown,secondary,34.78,False,2,,50,0,6.36078,2.3794587,6.3606867,2.3791583
2427955945,5879167126,Unknown,secondary,14.45,False,2,,50,0,6.3606867,2.3791583,6.3606574,2.3790309
5879167126,5879106547,Unknown,secondary,11.2,False,2,,50,0,6.3606574,2.3790309,6.3606454,2.3789303
5879106547,4409416252,Unknown,secondary,12.6,False,2,,50,0,6.3606454,2.3789303,6.360644,2.3788163
4409416252,3270644128,Unknown,secondary,169.38,False,2,,50,0,6.360644,2.3788163,6.3607974,2.3772914
3270644128,4409416257,Unknown,secondary,16.86,False,2,,50,0,6.3607974,2.3772914,6.360816,2.37714
4409416257,5881235004,Unknown,secondary,150.41,False,2,,50,0,6.360816,2.37714,6.360934,2.3757841
5881235004,3270644132,Unknown,secondary,110.47,False,2,,50,0,6.360934,2.3757841,6.3610427,2.3747905
3270644132,5245622557,Unknown,secondary,66.27,False,2,,50,0,6.3610427,2.3747905,6.3611313,2.3741975
5851865511,2423366102,Unknown,secondary,65.68,True,2,,50,0,6.3649295,2.4081732,6.3653874,2.4077977
2423366102,2423365187,Unknown,secondary,62.47,True,2,,50,0,6.3653874,2.4077977,6.3658318,2.4074519
2423365187,2423365188,Unknown,secondary,67.89,True,2,,50,0,6.3658318,2.4074519,6.3663099,2.4070698
2423365188,2423364803,Unknown,secondary,67.26,True,2,,50,0,6.3663099,2.4070698,6.3667835,2.4066912
2423364803,2423364805,Unknown,secondary,62.22,True,2,,50,0,6.3667835,2.4066912,6.3672217,2.406341
2423364805,2423364808,Unknown,secondary,65.41,True,2,,50,0,6.3672217,2.406341,6.3676823,2.4059728
2423364808,2423370673,Unknown,secondary,61.47,True,2,,50,0,6.3676823,2.4059728,6.3681151,2.4056268
2423370673,3705056325,Unknown,secondary,17.77,True,2,,50,0,6.3681151,2.4056268,6.3682403,2.4055268
356271503,356271534,Unknown,secondary,58.17,True,2,,50,0,6.3665149,2.3914051,6.3668072,2.3918417
356271534,2782351009,Unknown,secondary,110.57,True,2,,50,0,6.3668072,2.3918417,6.3673828,2.3926576
2782351009,2782351011,Unknown,secondary,24.47,True,2,,50,0,6.3673828,2.3926576,6.3675085,2.3928394
2782351011,2782351014,Unknown,secondary,38.66,True,2,,50,0,6.3675085,2.3928394,6.3676901,2.3931377
2782351014,7695180119,Unknown,secondary,30.9,True,2,,50,0,6.3676901,2.3931377,6.3678227,2.3933834
7695180119,356271565,Unknown,secondary,25.27,True,2,,50,0,6.3678227,2.3933834,6.3679129,2.3935933
356271565,5954244526,Unknown,secondary,26.33,True,2,,50,0,6.3679129,2.3935933,6.3680006,2.3938146
5954244526,356271569,Unknown,secondary,16.12,True,2,,50,0,6.3680006,2.3938146,6.3680592,2.393948
356271569,4148791149,Unknown,secondary,23.1,True,2,,50,0,6.3680592,2.393948,6.3681411,2.3941401
4148791152,5954244525,Unknown,secondary,27.48,True,2,,50,0,6.3683244,2.3940678,6.3682546,2.3938293
5954244525,1126550567,Unknown,secondary,20.42,True,2,,50,0,6.3682546,2.3938293,6.3681964,2.393654
1126550567,5888395735,Unknown,secondary,130.94,True,2,,50,0,6.3681964,2.393654,6.3676968,2.392581
5888395735,1126551291,Unknown,secondary,28.34,True,2,,50,0,6.3676968,2.392581,6.3675755,2.3923555
1126551291,3270644372,Unknown,secondary,39.03,True,2,,50,0,6.3675755,2.3923555,6.3673917,2.3920546
3270644372,5954244524,Unknown,secondary,50.95,True,2,,50,0,6.3673917,2.3920546,6.367145,2.3916661
5954244524,1126550393,Unknown,secondary,19.72,True,2,,50,0,6.367145,2.3916661,6.3670524,2.3915139
1126550393,356271500,Unknown,secondary,36.51,True,2,,50,0,6.3670524,2.3915139,6.3668255,2.3912751
4148791145,2782351012,Unknown,primary_link,60.37,True,2,,50,0,6.3681025,2.3942211,6.3675701,2.394328
2782351012,2488584766,Unknown,primary_link,14.34,True,2,,50,0,6.3675701,2.394328,6.3674437,2.3943539
2488584766,5888395761,Unknown,primary_link,55.31,True,2,,50,0,6.3674437,2.3943539,6.3669637,2.3944851
5888395761,5888395762,Unknown,primary_link,22.33,True,2,,50,0,6.3669637,2.3944851,6.3667731,2.3945488
5888395762,5888395763,Unknown,primary_link,25.24,True,2,,50,0,6.3667731,2.3945488,6.3665585,2.3946232
5888395763,2488584765,Unknown,primary_link,21.91,True,2,,50,0,6.3665585,2.3946232,6.3663739,2.3946926
2488584765,5888395764,Unknown,primary_link,46.33,True,2,,50,0,6.3663739,2.3946926,6.3659961,2.3948693
5888395764,2782866445,Unknown,primary_link,13.26,True,2,,50,0,6.3659961,2.3948693,6.3658919,2.3949277
5888395767,2488584764,Unknown,primary_link,12.47,True,2,,50,0,6.3657388,2.3950631,6.3656755,2.3951563
3270533372,3270577992,Unknown,trunk,80.61,True,2,,50,0,6.3855587,2.3737153,6.3851839,2.3743397
3270577992,3634757300,Unknown,trunk,26.4,True,2,,50,0,6.3851839,2.3743397,6.3850768,2.3745529
3634757300,3634757993,Unknown,trunk,22.34,True,2,,50,0,6.3850768,2.3745529,6.3849941,2.3747371
3634757993,5953693222,Unknown,trunk,22.91,True,2,,50,0,6.3849941,2.3747371,6.3849146,2.3749284
5953693222,877155442,Unknown,trunk,17.78,True,2,,50,0,6.3849146,2.3749284,6.3848577,2.3750788
877155442,330788460,Unknown,trunk,212.05,True,2,,50,0,6.3848577,2.3750788,6.3841732,2.3768698
330788460,5953693221,Unknown,trunk,24.1,True,2,,50,0,6.3841732,2.3768698,6.3840816,2.3770675
5953693221,5896209796,Unknown,trunk,25.25,True,2,,50,0,6.3840816,2.3770675,6.3839764,2.37727
5896209796,5953693220,Unknown,trunk,20.03,True,2,,50,0,6.3839764,2.37727,6.3838777,2.3774216
5953693220,5896208981,Unknown,trunk,27.99,True,2,,50,0,6.3838777,2.3774216,6.3837338,2.3776294
5896208981,2488243394,Unknown,trunk,40.69,True,2,,50,0,6.3837338,2.3776294,6.3835121,2.3779224
2488243394,877155455,Unknown,trunk,38.96,True,2,,50,0,6.3835121,2.3779224,6.3832665,2.3781738
2488243393,5896208984,Unknown,trunk,32.34,True,2,,50,0,6.3833155,2.3785895,6.3835414,2.3784051
5896208984,5896209795,Unknown,trunk,21.98,True,2,,50,0,6.3835414,2.3784051,6.3836778,2.3782611
5896209795,5896209790,Unknown,trunk,14.29,True,2,,50,0,6.3836778,2.3782611,6.3837538,2.3781568
2488243396,2488243398,Unknown,trunk,10.47,True,2,,50,0,6.3837986,2.3780846,6.383841,2.378
2488243398,5896209791,Unknown,trunk,15.37,True,2,,50,0,6.383841,2.378,6.3839113,2.3778802
5896209791,7695913867,Unknown,trunk,326.59,True,2,,50,0,6.3839113,2.3778802,6.3849546,2.3751175
7695913867,2488243402,Unknown,trunk,30.94,True,2,,50,0,6.3849546,2.3751175,6.3850582,2.3748576
2488243402,5953693219,Unknown,trunk,24.97,True,2,,50,0,6.3850582,2.3748576,6.3851519,2.3746522
5953693219,5896208978,Unknown,trunk,25.91,True,2,,50,0,6.3851519,2.3746522,6.3852572,2.374443
5896208978,4940398288,Unknown,trunk,88.37,True,2,,50,0,6.3852572,2.374443,6.3856626,2.3737552
355513190,5892666656,Avenue du Canada,secondary,14.04,True,2,,50,0,6.3710733,2.4091542,6.3709956,2.4090541
5892666656,5954244538,Avenue du Canada,secondary,17.66,True,2,,50,0,6.3709956,2.4090541,6.3708977,2.4089283
5954244538,5892749380,Avenue du Canada,secondary,153.11,True,2,,50,0,6.3708977,2.4089283,6.3700485,2.4078377
5892749380,2770084301,Avenue du Canada,secondary,144.79,True,2,,50,0,6.3700485,2.4078377,6.3692491,2.4068035
2770084301,1531874093,Avenue du Canada,secondary,23.93,True,2,,50,0,6.3692491,2.4068035,6.3691127,2.406636
1531874093,3705056325,Avenue du Canada,secondary,156.32,True,2,,50,0,6.3691127,2.406636,6.3682403,2.4055268
3705056325,3705034026,Avenue du Canada,secondary,155.27,True,2,,50,0,6.3682403,2.4055268,6.3673943,2.404409
3705034026,9446833196,Avenue du Canada,secondary,12.26,True,2,,50,0,6.3673943,2.404409,6.3673283,2.4043201
9446833196,3705034225,Avenue du Canada,secondary,12.13,True,2,,50,0,6.3673283,2.4043201,6.3672584,2.4042358
3705018026,2423368070,Avenue du Canada,secondary,183.09,True,2,,50,0,6.3672155,2.4041884,6.3661946,2.4028885
2423368070,355515688,Avenue du Canada,secondary,184.45,True,2,,50,0,6.3661946,2.4028885,6.3651716,2.4015746
355515688,5851865508,Avenue du Canada,secondary,168.4,True,2,,50,0,6.3651716,2.4015746,6.3642375,2.4003751
5851865508,5888311783,Avenue du Canada,secondary,68.4,True,2,,50,0,6.3642375,2.4003751,6.3638581,2.3998879
5888311783,355516046,Avenue du Canada,secondary,139.37,True,2,,50,0,6.3638581,2.3998879,6.3630727,2.398905
355516046,355520512,Avenue du Canada,secondary,205.32,True,2,,50,0,6.3630727,2.398905,6.3619336,2.3974427
355520512,355519970,Avenue du Canada,secondary,13.15,True,2,,50,0,6.3619336,2.3974427,6.361867,2.3973444
5887788709,4452036408,Rue 150,secondary,164.41,True,2,,50,0,6.3842123,2.4159675,6.3832941,2.4148014
4452036408,4452035849,Rue 150,secondary,190.65,True,2,,50,0,6.3832941,2.4148014,6.3822166,2.4134594
4452035849,4452035844,Rue 150,secondary,314.0,True,2,,50,0,6.3822166,2.4134594,6.3804543,2.4112392
4452035844,4452035840,Rue 150,secondary,168.42,True,2,,50,0,6.3804543,2.4112392,6.3794995,2.4100561
4452035840,5892666649,Rue 150,secondary,177.31,True,2,,50,0,6.3794995,2.4100561,6.378531,2.4087814
5892666649,4452035839,Rue 150,secondary,189.84,True,2,,50,0,6.378531,2.4087814,6.3774494,2.4074522
4452035839,5892636950,Rue 150,secondary,226.71,True,2,,50,0,6.3774494,2.4074522,6.3761847,2.405843
5892636950,4618263328,Rue 150,secondary,130.62,True,2,,50,0,6.3761847,2.405843,6.3754531,2.4049182
5137088772,2772038833,Avenue du Renouveau,secondary,17.35,False,2,,50,0,6.3846779,2.4058881,6.3845886,2.4060169
2772038833,2772106589,Avenue du Renouveau,secondary,71.24,False,2,,50,0,6.3845886,2.4060169,6.3840882,2.4064195
2772106589,2773924525,Avenue du Renouveau,secondary,63.26,False,2,,50,0,6.3840882,2.4064195,6.383643,2.4067759
2773924525,2773924522,Avenue du Renouveau,secondary,64.59,False,2,,50,0,6.383643,2.4067759,6.3831809,2.40713
2773924522,2773924519,Avenue du Renouveau,secondary,66.65,False,2,,50,0,6.3831809,2.40713,6.3827186,2.4075139
2773924519,2772106579,Avenue du Renouveau,secondary,66.43,False,2,,50,0,6.3827186,2.4075139,6.3822596,2.4078987
2772106579,2772106565,Avenue du Renouveau,secondary,195.1,False,2,,50,0,6.3822596,2.4078987,6.3808688,2.408975
2772106565,5953770138,Avenue du Renouveau,secondary,24.7,False,2,,50,0,6.3808688,2.408975,6.3806965,2.4091161
5953770138,2772106538,Avenue du Renouveau,secondary,37.97,False,2,,50,0,6.3806965,2.4091161,6.38043,2.4093309
2772106538,2772106533,Avenue du Renouveau,secondary,68.97,False,2,,50,0,6.38043,2.4093309,6.3799466,2.409722
2772106533,4452035840,Avenue du Renouveau,secondary,61.92,False,2,,50,0,6.3799466,2.409722,6.3794995,2.4100561
4771230367,7624861082,Avenue du Renouveau,secondary,22.2,False,2,,50,0,6.388022,2.4030581,6.388156,2.4029092
7624861082,5953770140,Avenue du Renouveau,secondary,14.54,False,2,,50,0,6.388156,2.4029092,6.388251,2.4028188
5953770140,5836343789,Avenue du Renouveau,secondary,23.14,False,2,,50,0,6.388251,2.4028188,6.388409,2.4026825
5836343789,5836380864,Avenue du Renouveau,secondary,53.28,False,2,,50,0,6.388409,2.4026825,6.3887922,2.402393
4771230369,4771230367,Pont de Fifadji,secondary,60.31,False,2,,50,0,6.3876522,2.4034573,6.388022,2.4030581
5851865500,5851865499,Unknown,secondary_link,10.28,False,2,,50,0,6.3687321,2.4029808,6.368804,2.4030393
5851865497,5851865496,Unknown,secondary_link,12.04,False,2,,50,0,6.3688757,2.4031218,6.3689276,2.4032174
356271500,4186451300,Unknown,secondary,12.57,True,2,,50,0,6.3668255,2.3912751,6.3667145,2.3912966
4186451300,5888554510,Unknown,secondary,14.51,True,2,,50,0,6.3667145,2.3912966,6.3665899,2.3913355
5888554510,356271503,Unknown,secondary,11.34,True,2,,50,0,6.3665899,2.3913355,6.3665149,2.3914051
5891055312,5891055311,Unknown,secondary_link,17.68,False,1,,50,0,6.3860061,2.3833836,6.3858796,2.3834806
5892666649,5892666648,Unknown,secondary_link,16.72,False,2,,50,0,6.378531,2.4087814,6.3784123,2.4088743
2783251371,1569336272,Rue 150,secondary,16.38,True,1,,50,1,6.3752976,2.4049191,6.3753796,2.4050422
4618263328,4452035836,Rue 150,secondary,15.96,True,1,,50,0,6.3754531,2.4049182,6.3753717,2.4047992
5896209799,5896209786,Avenue du Renouveau,secondary,11.47,True,2,,50,0,6.3835929,2.3789002,6.3835665,2.3787999
5896208980,5896208983,Avenue du Renouveau,secondary,12.38,True,2,,50,0,6.3835575,2.3787365,6.383546,2.3786251
5896209785,5896208984,Avenue du Renouveau,secondary,14.49,True,2,,50,0,6.3835403,2.3785362,6.3835414,2.3784051
2488243393,7695913822,Avenue du Renouveau,secondary,16.75,True,2,,50,0,6.3833155,2.3785895,6.3834326,2.3786849
7695913822,7695913823,Avenue du Renouveau,secondary,10.47,True,2,,50,0,6.3834326,2.3786849,6.3834992,2.3787519
7695913823,5896209799,Avenue du Renouveau,secondary,19.42,True,2,,50,0,6.3834992,2.3787519,6.3835929,2.3789002
4148791160,2783251291,Unknown,primary_link,54.58,True,2,,50,0,6.368486,2.3943187,6.3689645,2.3942088
3270644391,5888395746,Unknown,primary_link,59.24,True,2,,50,0,6.3694301,2.3938266,6.3689142,2.3939603
5888395746,2491592904,Unknown,primary_link,22.41,True,2,,50,0,6.3689142,2.3939603,6.3687202,2.3940153
2488584768,4148791155,Unknown,primary_link,30.2,True,2,,50,0,6.3686757,2.3940275,6.3684158,2.3941067
2772038871,7769341617,Avenue du Renouveau,secondary,89.89,False,2,,50,0,6.3866373,2.4043095,6.3872684,2.4038011
7769341617,4771230354,Avenue du Renouveau,secondary,22.71,False,2,,50,0,6.3872684,2.4038011,6.3874263,2.4036708
4771230354,7769341616,Avenue du Renouveau,secondary,14.31,False,2,,50,0,6.3874263,2.4036708,6.3875216,2.4035838
7769341616,4771230369,Avenue du Renouveau,secondary,20.16,False,2,,50,0,6.3875216,2.4035838,6.3876522,2.4034573
9446833171,9446833170,Unknown,secondary_link,12.67,False,2,,50,0,6.3656855,2.4057785,6.3656165,2.4056873
2423448713,9446833179,Avenue Dorothée Lima,secondary,62.03,True,2,,50,0,6.3649385,2.4063626,6.3653757,2.4060139
9446833179,9446833178,Avenue Dorothée Lima,secondary,34.24,True,2,,50,0,6.3653757,2.4060139,6.3656196,2.4058248
9446833177,9446833176,Avenue Dorothée Lima,secondary,11.58,True,2,,50,0,6.3657408,2.4057497,6.3658395,2.4057162
9446833176,9446833175,Avenue Dorothée Lima,secondary,11.64,True,2,,50,0,6.3658395,2.4057162,6.3659368,2.4056773
9446833175,9446833174,Avenue Dorothée Lima,secondary,19.85,True,2,,50,0,6.3659368,2.4056773,6.3661057,2.4056191
7699127626,9446833196,Avenue Dorothée Lima,secondary,165.21,True,2,,50,0,6.3684944,2.4033937,6.3673283,2.4043201
9446833196,9446833195,Avenue Dorothée Lima,secondary,20.7,True,2,,50,0,6.3673283,2.4043201,6.367187,2.4044421
9446833195,9446833205,Avenue Dorothée Lima,secondary,67.84,True,2,,50,0,6.367187,2.4044421,6.3667205,2.4048378
9446833205,9446833204,Avenue Dorothée Lima,secondary,56.99,True,2,,50,0,6.3667205,2.4048378,6.3663053,2.4051402
9446833204,9446833203,Avenue Dorothée Lima,secondary,26.15,True,2,,50,0,6.3663053,2.4051402,6.3661247,2.4052917
9446833203,9446833202,Avenue Dorothée Lima,secondary,11.82,True,2,,50,0,6.3661247,2.4052917,6.3660414,2.4053581
9446833202,9446833172,Avenue Dorothée Lima,secondary,28.94,True,2,,50,0,6.3660414,2.4053581,6.3658341,2.4055164
9446833172,9446833201,Avenue Dorothée Lima,secondary,15.26,True,2,,50,0,6.3658341,2.4055164,6.3657235,2.4055982
9446833201,9446833170,Avenue Dorothée Lima,secondary,15.44,True,2,,50,0,6.3657235,2.4055982,6.3656165,2.4056873
9446833170,9446833200,Avenue Dorothée Lima,secondary,46.35,True,2,,50,0,6.3656165,2.4056873,6.365285,2.4059415
9446833200,9446833199,Avenue Dorothée Lima,secondary,63.93,True,2,,50,0,6.365285,2.4059415,6.3648345,2.4063009
9446833199,9446833198,Avenue Dorothée Lima,secondary,59.54,True,2,,50,0,6.3648345,2.4063009,6.3644133,2.4066335
9446833198,9446833197,Avenue Dorothée Lima,secondary,49.62,True,2,,50,0,6.3644133,2.4066335,6.3640615,2.4069098
9446833197,9446833206,Avenue Dorothée Lima,secondary,109.94,True,2,,50,0,6.3640615,2.4069098,6.3632911,2.4075334
9446833206,9446833194,Avenue Dorothée Lima,secondary,84.46,True,2,,50,0,6.3632911,2.4075334,6.362698,2.4080108
9446833194,9446833193,Avenue Dorothée Lima,secondary,81.45,True,2,,50,0,6.362698,2.4080108,6.3621049,2.4084433
9446833193,9446833192,Avenue Dorothée Lima,secondary,121.87,True,2,,50,0,6.3621049,2.4084433,6.3612452,2.4091273
9446833192,9446833191,Avenue Dorothée Lima,secondary,75.1,True,2,,50,0,6.3612452,2.4091273,6.3607094,2.409541
9446833191,9446833190,Avenue Dorothée Lima,secondary,20.66,True,2,,50,0,6.3607094,2.409541,6.3605734,2.4096684
9446833190,9446833169,Avenue Dorothée Lima,secondary,12.02,True,2,,50,0,6.3605734,2.4096684,6.3605008,2.409749
9446833169,9446833189,Avenue Dorothée Lima,secondary,48.1,True,2,,50,0,6.3605008,2.409749,6.3602102,2.4100714
9446833189,9446833188,Avenue Dorothée Lima,secondary,49.55,True,2,,50,0,6.3602102,2.4100714,6.3599376,2.4104261
9446833188,9446833187,Avenue Dorothée Lima,secondary,42.96,True,2,,50,0,6.3599376,2.4104261,6.3597311,2.4107547
9446833187,9446833186,Avenue Dorothée Lima,secondary,72.68,True,2,,50,0,6.3597311,2.4107547,6.3594592,2.4113528
9446833186,9446833185,Avenue Dorothée Lima,secondary,134.59,True,2,,50,0,6.3594592,2.4113528,6.3591499,2.4125303
9446833185,9446833168,Avenue Dorothée Lima,secondary,119.56,True,2,,50,0,6.3591499,2.4125303,6.3589168,2.4135865
9446833168,9446833167,Avenue Dorothée Lima,secondary,15.36,True,2,,50,0,6.3589168,2.4135865,6.3588868,2.4137222
9446833167,9446833184,Avenue Dorothée Lima,secondary,13.4,True,2,,50,0,6.3588868,2.4137222,6.3588607,2.4138406
9446833184,9446833183,Avenue Dorothée Lima,secondary,87.85,True,2,,50,0,6.3588607,2.4138406,6.3586741,2.4146131
9446833183,9446833182,Avenue Dorothée Lima,secondary,255.44,True,2,,50,0,6.3586741,2.4146131,6.3581383,2.4168608
9446833182,9446833181,Avenue Dorothée Lima,secondary,104.88,True,2,,50,0,6.3581383,2.4168608,6.357909,2.4177814
9446833181,9446833180,Avenue Dorothée Lima,secondary,23.66,True,2,,50,0,6.357909,2.4177814,6.3578671,2.4179913
2423460769,2423460768,Avenue Dorothée Lima,secondary,68.06,True,2,,50,0,6.3660298,2.4058069,6.3657451,2.4063521
2423460768,2423454200,Avenue Dorothée Lima,secondary,75.16,True,2,,50,0,6.3657451,2.4063521,6.3654509,2.4069644
2423454200,2423454195,Avenue Dorothée Lima,secondary,68.97,True,2,,50,0,6.3654509,2.4069644,6.3651933,2.4075321
2423454195,5851865511,Avenue Dorothée Lima,secondary,76.68,True,2,,50,0,6.3651933,2.4075321,6.3649295,2.4081732
7699127679,9446833202,Unknown,secondary_link,22.75,False,2,,50,0,6.3661754,2.4055137,6.3660414,2.4053581
